page_id,page_title,card_id,title,chart_type,status,missing_fields,url
1134665337,プロテック案件実績,691225406,島忠_累計新規案件数,badge_line_stackedbar,🟢 Đủ,-,https://astecpaints-co-jp.domo.com/page/1134665337/kpis/details/691225406
1134665337,プロテック案件実績,491639767,DCM_累計新規案件数,badge_line_stackedbar,🟢 Đủ,-,https://astecpaints-co-jp.domo.com/page/1134665337/kpis/details/491639767
1134665337,プロテック案件実績,400199465,週次_DCM新規案件数（コラボス）,badge_vert_stackedbar,🟢 Đủ,-,https://astecpaints-co-jp.domo.com/page/1134665337/kpis/details/400199465
1134665337,プロテック案件実績,382663062,週次_一建設新規案件数（コラボス）,badge_vert_stackedbar,🟢 Đủ,-,https://astecpaints-co-jp.domo.com/page/1134665337/kpis/details/382663062
1134665337,プロテック案件実績,1234487589,一建設_累計新規案件数,badge_line_stackedbar,🟢 Đủ,-,https://astecpaints-co-jp.domo.com/page/1134665337/kpis/details/1234487589
1134665337,プロテック案件実績,1465957941,ユニット（コラボス）,badge_dropdown_selector,🟢 Đủ,-,https://astecpaints-co-jp.domo.com/page/1134665337/kpis/details/1465957941
1134665337,プロテック案件実績,1252179431,コラボス_累計新規案件数,badge_line_stackedbar,🟢 Đủ,-,https://astecpaints-co-jp.domo.com/page/1134665337/kpis/details/1252179431
1134665337,プロテック案件実績,1254719814,コーナン_累計新規案件数,badge_line_stackedbar,🟢 Đủ,-,https://astecpaints-co-jp.domo.com/page/1134665337/kpis/details/1254719814
1134665337,プロテック案件実績,1094235989,関西電力_累計新規案件数,badge_line_stackedbar,🟢 Đủ,-,https://astecpaints-co-jp.domo.com/page/1134665337/kpis/details/1094235989
1134665337,プロテック案件実績,431395086,週次_ヤマダデンキ新規案件数（コラボス）,badge_vert_stackedbar,🟢 Đủ,-,https://astecpaints-co-jp.domo.com/page/1134665337/kpis/details/431395086
1134665337,プロテック案件実績,1560170550,ヤマダデンキ_累計新規案件数,badge_line_stackedbar,🟢 Đủ,-,https://astecpaints-co-jp.domo.com/page/1134665337/kpis/details/1560170550
1134665337,プロテック案件実績,620429819,週次_コーナン新規案件数（コラボス）,badge_vert_stackedbar,🟢 Đủ,-,https://astecpaints-co-jp.domo.com/page/1134665337/kpis/details/620429819
1134665337,プロテック案件実績,2133931667,週次_新規案件数（コラボス）,badge_vert_stackedbar,🟢 Đủ,-,https://astecpaints-co-jp.domo.com/page/1134665337/kpis/details/2133931667
1134665337,プロテック案件実績,617367407,元請会社名（コラボス）,badge_dropdown_selector,🟢 Đủ,-,https://astecpaints-co-jp.domo.com/page/1134665337/kpis/details/617367407
1134665337,プロテック案件実績,2060477552,週次_アイリスプラザ新規案件数（コラボス）,badge_vert_stackedbar,🟢 Đủ,-,https://astecpaints-co-jp.domo.com/page/1134665337/kpis/details/2060477552
1134665337,プロテック案件実績,1517610841,コラボス_元請け別新規案件数,badge_pivot_table,🟢 Đủ,-,https://astecpaints-co-jp.domo.com/page/1134665337/kpis/details/1517610841
1134665337,プロテック案件実績,131473852,コラボス_元請会社別新規案件数（昨対比）.,badge_pivot_table,🟢 Đủ,-,https://astecpaints-co-jp.domo.com/page/1134665337/kpis/details/131473852
1134665337,プロテック案件実績,222570016,月次_新規案件数（コラボス）,badge_pop_vert_multibar,🟢 Đủ,-,https://astecpaints-co-jp.domo.com/page/1134665337/kpis/details/222570016
1134665337,プロテック案件実績,25999181,アイリスプラザ_累計新規案件数,badge_line_stackedbar,🟢 Đủ,-,https://astecpaints-co-jp.domo.com/page/1134665337/kpis/details/25999181
1134665337,プロテック案件実績,1970933660,営業担当（コラボス）,badge_dropdown_selector,🟢 Đủ,-,https://astecpaints-co-jp.domo.com/page/1134665337/kpis/details/1970933660
1134665337,プロテック案件実績,1039323943,案件一覧,badge_basic_table,🟢 Đủ,-,https://astecpaints-co-jp.domo.com/page/1134665337/kpis/details/1039323943
1134665337,プロテック案件実績,1322336018,週次_島忠新規案件数（コラボス）,badge_vert_stackedbar,🟢 Đủ,-,https://astecpaints-co-jp.domo.com/page/1134665337/kpis/details/1322336018
1134665337,プロテック案件実績,1483605998,週次_関西電力新規案件数（コラボス）,badge_vert_stackedbar,🟢 Đủ,-,https://astecpaints-co-jp.domo.com/page/1134665337/kpis/details/1483605998
1206453601,アパマン売上分析,1228599687,商品別_アパマン出荷現場数,badge_pivot_table,🟢 Đủ,-,https://astecpaints-co-jp.domo.com/page/1206453601/kpis/details/1228599687
1206453601,アパマン売上分析,1037821389,月別_アパマン出荷社数,badge_pivot_table,🟢 Đủ,-,https://astecpaints-co-jp.domo.com/page/1206453601/kpis/details/1037821389
1206453601,アパマン売上分析,222412946,出荷済社数_アパマン,badge_pivot_table,🟢 Đủ,-,https://astecpaints-co-jp.domo.com/page/1206453601/kpis/details/222412946
1206453601,アパマン売上分析,8773866,チーム,badge_dropdown_selector,🟢 Đủ,-,https://astecpaints-co-jp.domo.com/page/1206453601/kpis/details/8773866
1206453601,アパマン売上分析,1191654984,売上時期,badge_dropdown_selector,🟢 Đủ,-,https://astecpaints-co-jp.domo.com/page/1206453601/kpis/details/1191654984
1206453601,アパマン売上分析,1098878064,ステータス別_アパマン出荷現場数,badge_pivot_table,🟢 Đủ,-,https://astecpaints-co-jp.domo.com/page/1206453601/kpis/details/1098878064
1206453601,アパマン売上分析,1653484524,ステータス別_アパマン出荷現場数_年比較,badge_vert_multibar,🟢 Đủ,-,https://astecpaints-co-jp.domo.com/page/1206453601/kpis/details/1653484524
1206453601,アパマン売上分析,36646733,ステータス別_アパマン出荷_平均単価,badge_pivot_table,🟢 Đủ,-,https://astecpaints-co-jp.domo.com/page/1206453601/kpis/details/36646733
1206453601,アパマン売上分析,1331722491,担当者,badge_dropdown_selector,🟢 Đủ,-,https://astecpaints-co-jp.domo.com/page/1206453601/kpis/details/1331722491
1206453601,アパマン売上分析,1538070797,ステータス別_アパマン売上,badge_pivot_table,🟢 Đủ,-,https://astecpaints-co-jp.domo.com/page/1206453601/kpis/details/1538070797
1206453601,アパマン売上分析,23606368,ステータス別_アパマン売上_年比較,badge_vert_multibar,🟢 Đủ,-,https://astecpaints-co-jp.domo.com/page/1206453601/kpis/details/23606368
1206453601,アパマン売上分析,1200401997,材料別_アパマン売上,badge_pivot_table,🟢 Đủ,-,https://astecpaints-co-jp.domo.com/page/1206453601/kpis/details/1200401997
1206453601,アパマン売上分析,1515399157,ステータス別_アパマン出荷社数_年比較,badge_vert_multibar,🟢 Đủ,-,https://astecpaints-co-jp.domo.com/page/1206453601/kpis/details/1515399157
1206453601,アパマン売上分析,975517784,ステータス別_ アパマン 出荷_平均単価_年比較,badge_vert_multibar,🟢 Đủ,-,https://astecpaints-co-jp.domo.com/page/1206453601/kpis/details/975517784
1206453601,アパマン売上分析,551221377,商品別_アパマン出荷社数,badge_pivot_table,🟢 Đủ,-,https://astecpaints-co-jp.domo.com/page/1206453601/kpis/details/551221377
1206453601,アパマン売上分析,1776783351,営業所,badge_dropdown_selector,🟢 Đủ,-,https://astecpaints-co-jp.domo.com/page/1206453601/kpis/details/1776783351
1206453601,アパマン売上分析,753260540,商品別_アパマン出荷_平均単価,badge_pivot_table,🟢 Đủ,-,https://astecpaints-co-jp.domo.com/page/1206453601/kpis/details/753260540
1281028522,商談未確定・郵送件数検索,501835661,月別元請けごと郵送件数(前期),badge_pivot_table,🟢 Đủ,-,https://astecpaints-co-jp.domo.com/page/1281028522/kpis/details/501835661
1281028522,商談未確定・郵送件数検索,617367407,元請会社名（コラボス）,badge_dropdown_selector,🟢 Đủ,-,https://astecpaints-co-jp.domo.com/page/1281028522/kpis/details/617367407
1281028522,商談未確定・郵送件数検索,745437269,その他元請別商談未確定件数(見積提案日基準),badge_basic_table,🟢 Đủ,-,https://astecpaints-co-jp.domo.com/page/1281028522/kpis/details/745437269
1281028522,商談未確定・郵送件数検索,793217449,郵送未確定率(今月),badge_singlevalue,🟢 Đủ,-,https://astecpaints-co-jp.domo.com/page/1281028522/kpis/details/793217449
1281028522,商談未確定・郵送件数検索,1458968856,月別元請けごと商談未確定件数(今期),badge_pivot_table,🟢 Đủ,-,https://astecpaints-co-jp.domo.com/page/1281028522/kpis/details/1458968856
1281028522,商談未確定・郵送件数検索,1851052092,商談未確定率(見積提案日基準),badge_singlevalue,🟢 Đủ,-,https://astecpaints-co-jp.domo.com/page/1281028522/kpis/details/1851052092
1281028522,商談未確定・郵送件数検索,849120903,郵送案件一覧(見積提案日基準),badge_basic_table,🟢 Đủ,-,https://astecpaints-co-jp.domo.com/page/1281028522/kpis/details/849120903
1281028522,商談未確定・郵送件数検索,192293578,施工店名（コラボス）,badge_dropdown_selector,🟢 Đủ,-,https://astecpaints-co-jp.domo.com/page/1281028522/kpis/details/192293578
1281028522,商談未確定・郵送件数検索,868287800,月別施工店ごと郵送件数(今期),badge_pivot_table,🟢 Đủ,-,https://astecpaints-co-jp.domo.com/page/1281028522/kpis/details/868287800
1281028522,商談未確定・郵送件数検索,375432919,注力元請別商談未確定件数(見積提案日基準),badge_basic_table,🟢 Đủ,-,https://astecpaints-co-jp.domo.com/page/1281028522/kpis/details/375432919
1281028522,商談未確定・郵送件数検索,1274644734,月別施工店ごと郵送件数(前期),badge_pivot_table,🟢 Đủ,-,https://astecpaints-co-jp.domo.com/page/1281028522/kpis/details/1274644734
1281028522,商談未確定・郵送件数検索,1392125953,郵送合計件数(見積提案日基準),badge_singlevalue,🟢 Đủ,-,https://astecpaints-co-jp.domo.com/page/1281028522/kpis/details/1392125953
1281028522,商談未確定・郵送件数検索,1148770875,注力元請別郵送件数(今月),badge_basic_table,🟢 Đủ,-,https://astecpaints-co-jp.domo.com/page/1281028522/kpis/details/1148770875
1281028522,商談未確定・郵送件数検索,1409183744,月別元請けごと商談未確定案件数(前期),badge_pivot_table,🟢 Đủ,-,https://astecpaints-co-jp.domo.com/page/1281028522/kpis/details/1409183744
1281028522,商談未確定・郵送件数検索,999361246,月別元請けごと郵送件数(今期),badge_pivot_table,🟢 Đủ,-,https://astecpaints-co-jp.domo.com/page/1281028522/kpis/details/999361246
1281028522,商談未確定・郵送件数検索,719910242,商談日未確定案件一覧(見積提案日基準),badge_basic_table,🟢 Đủ,-,https://astecpaints-co-jp.domo.com/page/1281028522/kpis/details/719910242
1281028522,商談未確定・郵送件数検索,1465957941,ユニット（コラボス）,badge_dropdown_selector,🟢 Đủ,-,https://astecpaints-co-jp.domo.com/page/1281028522/kpis/details/1465957941
1281028522,商談未確定・郵送件数検索,2144385797,月別施工店ごと商談未確定件数(前期),badge_pivot_table,🟢 Đủ,-,https://astecpaints-co-jp.domo.com/page/1281028522/kpis/details/2144385797
1281028522,商談未確定・郵送件数検索,1669657755,その他元請別郵送件数(今月),badge_basic_table,🟢 Đủ,-,https://astecpaints-co-jp.domo.com/page/1281028522/kpis/details/1669657755
1281028522,商談未確定・郵送件数検索,390114331,商談未確定案件数(見積提案日基準),badge_singlevalue,🟢 Đủ,-,https://astecpaints-co-jp.domo.com/page/1281028522/kpis/details/390114331
1281028522,商談未確定・郵送件数検索,1970933660,営業担当（コラボス）,badge_dropdown_selector,🟢 Đủ,-,https://astecpaints-co-jp.domo.com/page/1281028522/kpis/details/1970933660
1281028522,商談未確定・郵送件数検索,138189276,月別施工店ごと商談未確定件数(今期),badge_pivot_table,🟢 Đủ,-,https://astecpaints-co-jp.domo.com/page/1281028522/kpis/details/138189276
1377736771,商談・現調案件検索,2106943822,注力元請け,badge_basic_table,🟢 Đủ,-,https://astecpaints-co-jp.domo.com/page/1377736771/kpis/details/2106943822
1377736771,商談・現調案件検索,987512664,畑井ユニット(現調予定案件数),badge_basic_table,🟢 Đủ,-,https://astecpaints-co-jp.domo.com/page/1377736771/kpis/details/987512664
1377736771,商談・現調案件検索,253788829,※詳細を見る際はエクスポートして使用,badge_basic_table,🟢 Đủ,-,https://astecpaints-co-jp.domo.com/page/1377736771/kpis/details/253788829
1377736771,商談・現調案件検索,1705199963,見積提出期限切れ(表),badge_basic_table,🟢 Đủ,-,https://astecpaints-co-jp.domo.com/page/1377736771/kpis/details/1705199963
1377736771,商談・現調案件検索,767606906,現調予定案件数（コラボス）,badge_singlevalue,🟢 Đủ,-,https://astecpaints-co-jp.domo.com/page/1377736771/kpis/details/767606906
1377736771,商談・現調案件検索,1970933660,営業担当（コラボス）,badge_dropdown_selector,🟢 Đủ,-,https://astecpaints-co-jp.domo.com/page/1377736771/kpis/details/1970933660
1377736771,商談・現調案件検索,1143220652,注力元請け,badge_basic_table,🟢 Đủ,-,https://astecpaints-co-jp.domo.com/page/1377736771/kpis/details/1143220652
1377736771,商談・現調案件検索,588559152,DCM,badge_basic_table,🟢 Đủ,-,https://astecpaints-co-jp.domo.com/page/1377736771/kpis/details/588559152
1377736771,商談・現調案件検索,1027555144,畑井ユニット(商談予定件数),badge_basic_table,🟢 Đủ,-,https://astecpaints-co-jp.domo.com/page/1377736771/kpis/details/1027555144
1377736771,商談・現調案件検索,1505065106,儀保ユニット(現調予定件数),badge_basic_table,🟢 Đủ,-,https://astecpaints-co-jp.domo.com/page/1377736771/kpis/details/1505065106
1377736771,商談・現調案件検索,1465957941,ユニット（コラボス）,badge_dropdown_selector,🟢 Đủ,-,https://astecpaints-co-jp.domo.com/page/1377736771/kpis/details/1465957941
1377736771,商談・現調案件検索,1526869847,坂本ユニット(商談予定件数),badge_basic_table,🟢 Đủ,-,https://astecpaints-co-jp.domo.com/page/1377736771/kpis/details/1526869847
1377736771,商談・現調案件検索,1109778429,見積回収・一次チェック必要案件,badge_basic_table,🟢 Đủ,-,https://astecpaints-co-jp.domo.com/page/1377736771/kpis/details/1109778429
1377736771,商談・現調案件検索,16508491,現調予定案件一覧,badge_basic_table,🟢 Đủ,-,https://astecpaints-co-jp.domo.com/page/1377736771/kpis/details/16508491
1377736771,商談・現調案件検索,1679642804,山﨑ユニット(商談予定件数),badge_basic_table,🟢 Đủ,-,https://astecpaints-co-jp.domo.com/page/1377736771/kpis/details/1679642804
1377736771,商談・現調案件検索,102342635,商談予定件数（期間内）,badge_singlevalue,🟢 Đủ,-,https://astecpaints-co-jp.domo.com/page/1377736771/kpis/details/102342635
1377736771,商談・現調案件検索,1105156415,坂本ユニット(現調予定案件数),badge_basic_table,🟢 Đủ,-,https://astecpaints-co-jp.domo.com/page/1377736771/kpis/details/1105156415
1377736771,商談・現調案件検索,617367407,元請会社名（コラボス）,badge_dropdown_selector,🟢 Đủ,-,https://astecpaints-co-jp.domo.com/page/1377736771/kpis/details/617367407
1377736771,商談・現調案件検索,1228773089,山﨑ユニット(現調予定案件数),badge_basic_table,🟢 Đủ,-,https://astecpaints-co-jp.domo.com/page/1377736771/kpis/details/1228773089
1377736771,商談・現調案件検索,900190539,DCM,badge_basic_table,🟢 Đủ,-,https://astecpaints-co-jp.domo.com/page/1377736771/kpis/details/900190539
1377736771,商談・現調案件検索,1156078344,儀保ユニット(商談予定件数),badge_basic_table,🟢 Đủ,-,https://astecpaints-co-jp.domo.com/page/1377736771/kpis/details/1156078344
1377736771,商談・現調案件検索,1336512521,その他,badge_basic_table,🟢 Đủ,-,https://astecpaints-co-jp.domo.com/page/1377736771/kpis/details/1336512521
1377736771,商談・現調案件検索,858072268,その他,badge_basic_table,🟢 Đủ,-,https://astecpaints-co-jp.domo.com/page/1377736771/kpis/details/858072268
1428843185,コラボス集計,1887804995,見積提出数_グラフ（見積提案日基準）,badge_vert_multibar,🟢 Đủ,-,https://astecpaints-co-jp.domo.com/page/1428843185/kpis/details/1887804995
1428843185,コラボス集計,164598919,見積提出数_60万以上_グラフ（見積提案日基準）,badge_vert_multibar,🟢 Đủ,-,https://astecpaints-co-jp.domo.com/page/1428843185/kpis/details/164598919
1428843185,コラボス集計,17212857,契約金額_グラフ（結果確定日基準）,badge_vert_multibar,🟢 Đủ,-,https://astecpaints-co-jp.domo.com/page/1428843185/kpis/details/17212857
1428843185,コラボス集計,1492756894,契約金額,badge_pivot_table,🟢 Đủ,-,https://astecpaints-co-jp.domo.com/page/1428843185/kpis/details/1492756894
1428843185,コラボス集計,779700125,完工数_グラフ（工事完了日基準）,badge_vert_multibar,🟢 Đủ,-,https://astecpaints-co-jp.domo.com/page/1428843185/kpis/details/779700125
1428843185,コラボス集計,1970933660,営業担当（コラボス）,badge_dropdown_selector,🟢 Đủ,-,https://astecpaints-co-jp.domo.com/page/1428843185/kpis/details/1970933660
1428843185,コラボス集計,988197674,契約率（3ヶ月移動平均/60万円以上）,badge_symbolline,🟢 Đủ,-,https://astecpaints-co-jp.domo.com/page/1428843185/kpis/details/988197674
1428843185,コラボス集計,1889903978,契約数_60万以上,badge_pivot_table,🟢 Đủ,-,https://astecpaints-co-jp.domo.com/page/1428843185/kpis/details/1889903978
1428843185,コラボス集計,691201626,完工数_60万以上,badge_pivot_table,🟢 Đủ,-,https://astecpaints-co-jp.domo.com/page/1428843185/kpis/details/691201626
1428843185,コラボス集計,1532260531,見積提案数,badge_pivot_table,🟢 Đủ,-,https://astecpaints-co-jp.domo.com/page/1428843185/kpis/details/1532260531
1428843185,コラボス集計,532453145,契約率（12ヶ月移動平均）,badge_symbolline,🟢 Đủ,-,https://astecpaints-co-jp.domo.com/page/1428843185/kpis/details/532453145
1428843185,コラボス集計,1966591176,完工金額_60万以上_グラフ（工事完了日基準）,badge_vert_multibar,🟢 Đủ,-,https://astecpaints-co-jp.domo.com/page/1428843185/kpis/details/1966591176
1428843185,コラボス集計,1718162296,案件数_60万以上,badge_pivot_table,🟢 Đủ,-,https://astecpaints-co-jp.domo.com/page/1428843185/kpis/details/1718162296
1428843185,コラボス集計,2075585989,契約金額_60万以上,badge_pivot_table,🟢 Đủ,-,https://astecpaints-co-jp.domo.com/page/1428843185/kpis/details/2075585989
1428843185,コラボス集計,1341077135,コラボス集計,badge_slicer,🟢 Đủ,-,https://astecpaints-co-jp.domo.com/page/1428843185/kpis/details/1341077135
1428843185,コラボス集計,1754595176,完工数_60万以上_グラフ（工事完了日基準）,badge_vert_multibar,🟢 Đủ,-,https://astecpaints-co-jp.domo.com/page/1428843185/kpis/details/1754595176
1428843185,コラボス集計,41490049,案件数,badge_pivot_table,🟢 Đủ,-,https://astecpaints-co-jp.domo.com/page/1428843185/kpis/details/41490049
1428843185,コラボス集計,531776962,契約数_グラフ（結果確定日基準）,badge_vert_multibar,🟢 Đủ,-,https://astecpaints-co-jp.domo.com/page/1428843185/kpis/details/531776962
1428843185,コラボス集計,1048755699,工事粗利_60万以上,badge_pivot_table,🟢 Đủ,-,https://astecpaints-co-jp.domo.com/page/1428843185/kpis/details/1048755699
1428843185,コラボス集計,1800945557,都道府県,badge_dropdown_selector,🟢 Đủ,-,https://astecpaints-co-jp.domo.com/page/1428843185/kpis/details/1800945557
1428843185,コラボス集計,1866181173,契約率（3ヶ月移動平均）,badge_symbolline,🟢 Đủ,-,https://astecpaints-co-jp.domo.com/page/1428843185/kpis/details/1866181173
1428843185,コラボス集計,1520589725,見積提案数_60万以上,badge_pivot_table,🟢 Đủ,-,https://astecpaints-co-jp.domo.com/page/1428843185/kpis/details/1520589725
1428843185,コラボス集計,1768862313,完工金額,badge_pivot_table,🟢 Đủ,-,https://astecpaints-co-jp.domo.com/page/1428843185/kpis/details/1768862313
1428843185,コラボス集計,1868388949,工事粗利_グラフ（支払基準日基準）,badge_vert_multibar,🟢 Đủ,-,https://astecpaints-co-jp.domo.com/page/1428843185/kpis/details/1868388949
1428843185,コラボス集計,821020907,工事粗利_60万以上_グラフ（支払基準日基準）,badge_vert_multibar,🟢 Đủ,-,https://astecpaints-co-jp.domo.com/page/1428843185/kpis/details/821020907
1428843185,コラボス集計,200730483,元請会社名,badge_dropdown_selector,🟢 Đủ,-,https://astecpaints-co-jp.domo.com/page/1428843185/kpis/details/200730483
1428843185,コラボス集計,82040535,契約率（見積提案日基準・60万以上）,badge_pivot_table,🟢 Đủ,-,https://astecpaints-co-jp.domo.com/page/1428843185/kpis/details/82040535
1428843185,コラボス集計,1653813382,案件数_60万以上_グラフ,badge_vert_multibar,🟢 Đủ,-,https://astecpaints-co-jp.domo.com/page/1428843185/kpis/details/1653813382
1428843185,コラボス集計,1546556308,完工金額_グラフ（工事完了日基準）,badge_vert_multibar,🟢 Đủ,-,https://astecpaints-co-jp.domo.com/page/1428843185/kpis/details/1546556308
1428843185,コラボス集計,1573144144,完工金額_60万以上,badge_pivot_table,🟢 Đủ,-,https://astecpaints-co-jp.domo.com/page/1428843185/kpis/details/1573144144
1428843185,コラボス集計,894907839,工事粗利,badge_pivot_table,🟢 Đủ,-,https://astecpaints-co-jp.domo.com/page/1428843185/kpis/details/894907839
1428843185,コラボス集計,909334434,契約率（12ヶ月移動平均/60万円以上）,badge_symbolline,🟢 Đủ,-,https://astecpaints-co-jp.domo.com/page/1428843185/kpis/details/909334434
1428843185,コラボス集計,1223341021,施工店名,badge_dropdown_selector,🟢 Đủ,-,https://astecpaints-co-jp.domo.com/page/1428843185/kpis/details/1223341021
1428843185,コラボス集計,1952258545,案件発生数_グラフ（承り日基準）,badge_vert_multibar,🟢 Đủ,-,https://astecpaints-co-jp.domo.com/page/1428843185/kpis/details/1952258545
1428843185,コラボス集計,1192997370,契約率（見積提案日基準）,badge_pivot_table,🟢 Đủ,-,https://astecpaints-co-jp.domo.com/page/1428843185/kpis/details/1192997370
1428843185,コラボス集計,308637114,契約率_グラフ（見積提案日基準・60万以上）,badge_two_trendline,🟢 Đủ,-,https://astecpaints-co-jp.domo.com/page/1428843185/kpis/details/308637114
1428843185,コラボス集計,379469956,契約金額__60万以上 グラフ（結果確定日基準）,badge_vert_multibar,🟢 Đủ,-,https://astecpaints-co-jp.domo.com/page/1428843185/kpis/details/379469956
1428843185,コラボス集計,1596693498,契約数,badge_pivot_table,🟢 Đủ,-,https://astecpaints-co-jp.domo.com/page/1428843185/kpis/details/1596693498
1428843185,コラボス集計,1010684648,契約率_グラフ（見積提案日基準）,badge_two_trendline,🟢 Đủ,-,https://astecpaints-co-jp.domo.com/page/1428843185/kpis/details/1010684648
1428843185,コラボス集計,1813675019,完工数,badge_pivot_table,🟢 Đủ,-,https://astecpaints-co-jp.domo.com/page/1428843185/kpis/details/1813675019
1428843185,コラボス集計,1846390561,契約数_60万以上_グラフ（結果確定日基準）,badge_vert_multibar,🟢 Đủ,-,https://astecpaints-co-jp.domo.com/page/1428843185/kpis/details/1846390561
1774230854,プロテックチームのキーエンス指標,1076212674,前MTG実施率（プロテック）,badge_pivot_table,🟢 Đủ,-,https://astecpaints-co-jp.domo.com/page/1774230854/kpis/details/1076212674
1774230854,プロテックチームのキーエンス指標,849297172,ニーズカード,badge_pivot_table,🟢 Đủ,-,https://astecpaints-co-jp.domo.com/page/1774230854/kpis/details/849297172
1774230854,プロテックチームのキーエンス指標,281832856,訪問達成率（プロテック）,badge_pivot_table,🟢 Đủ,-,https://astecpaints-co-jp.domo.com/page/1774230854/kpis/details/281832856
1774230854,プロテックチームのキーエンス指標,1378294712,結果記入率（プロテック）,badge_pivot_table,🟢 Đủ,-,https://astecpaints-co-jp.domo.com/page/1774230854/kpis/details/1378294712
1774230854,プロテックチームのキーエンス指標,1428470906,ロープレ達成率（プロテック）,badge_pivot_table,🟢 Đủ,-,https://astecpaints-co-jp.domo.com/page/1774230854/kpis/details/1428470906
1774230854,プロテックチームのキーエンス指標,1008318598,後MTG実施率（プロテック）,badge_pivot_table,🟢 Đủ,-,https://astecpaints-co-jp.domo.com/page/1774230854/kpis/details/1008318598
1827358914,全体管理,1302356523,他社塗料購入粗利,badge_pivot_table,🟢 Đủ,-,https://astecpaints-co-jp.domo.com/page/1827358914/kpis/details/1302356523
1827358914,全体管理,308568308,商品別売上（カイゼンReペイント）_グラフ,badge_vert_stackedbar,🟢 Đủ,-,https://astecpaints-co-jp.domo.com/page/1827358914/kpis/details/308568308
1827358914,全体管理,1802584313,完工件数,badge_pivot_table,🟢 Đủ,-,https://astecpaints-co-jp.domo.com/page/1827358914/kpis/details/1802584313
1827358914,全体管理,417208681,紹介モデル手数料,badge_pivot_table,🟢 Đủ,-,https://astecpaints-co-jp.domo.com/page/1827358914/kpis/details/417208681
1827358914,全体管理,1881220917,契約件数,badge_pivot_table,🟢 Đủ,-,https://astecpaints-co-jp.domo.com/page/1827358914/kpis/details/1881220917
1827358914,全体管理,583145161,工場塗料粗利_グラフ,badge_vert_multibar,🟢 Đủ,-,https://astecpaints-co-jp.domo.com/page/1827358914/kpis/details/583145161
1827358914,全体管理,643073117,アパマン_塗料粗利,badge_pivot_table,🟢 Đủ,-,https://astecpaints-co-jp.domo.com/page/1827358914/kpis/details/643073117
1827358914,全体管理,1551637113,契約件数_グラフ,badge_two_trendline,🟢 Đủ,-,https://astecpaints-co-jp.domo.com/page/1827358914/kpis/details/1551637113
1827358914,全体管理,747665703,カイゼンReペイント＆工場アパマン手数料 予実,badge_pivot_table,🟢 Đủ,-,https://astecpaints-co-jp.domo.com/page/1827358914/kpis/details/747665703
1827358914,全体管理,82040535,契約率（見積提案日基準・60万以上）,badge_pivot_table,🟢 Đủ,-,https://astecpaints-co-jp.domo.com/page/1827358914/kpis/details/82040535
1827358914,全体管理,991329451,法人営業部_塗料粗利予実表_当月,badge_pivot_table,🟢 Đủ,-,https://astecpaints-co-jp.domo.com/page/1827358914/kpis/details/991329451
1827358914,全体管理,1307059860,沖縄_塗料注文件数_グラフ,badge_two_trendline,🟢 Đủ,-,https://astecpaints-co-jp.domo.com/page/1827358914/kpis/details/1307059860
1827358914,全体管理,742909363,法人営業部_塗料粗利 予実,badge_pivot_table,🟢 Đủ,-,https://astecpaints-co-jp.domo.com/page/1827358914/kpis/details/742909363
1827358914,全体管理,381801388,大規模修繕,badge_pivot_table,🟢 Đủ,-,https://astecpaints-co-jp.domo.com/page/1827358914/kpis/details/381801388
1827358914,全体管理,703377110,工事粗利_グラフ,badge_vert_multibar,🟢 Đủ,-,https://astecpaints-co-jp.domo.com/page/1827358914/kpis/details/703377110
1827358914,全体管理,1519241531,プロテック塗料粗利,badge_pivot_table,🟢 Đủ,-,https://astecpaints-co-jp.domo.com/page/1827358914/kpis/details/1519241531
1827358914,全体管理,1540274693,工場・アパマン塗料粗利_グラフ,badge_vert_multibar,🟢 Đủ,-,https://astecpaints-co-jp.domo.com/page/1827358914/kpis/details/1540274693
1827358914,全体管理,264124591,工場アパマン成約手数料_グラフ,badge_vert_multibar,🟢 Đủ,-,https://astecpaints-co-jp.domo.com/page/1827358914/kpis/details/264124591
1827358914,全体管理,1866181173,契約率（3ヶ月移動平均）,badge_symbolline,🟢 Đủ,-,https://astecpaints-co-jp.domo.com/page/1827358914/kpis/details/1866181173
1827358914,全体管理,1757213491,プロテック塗料注文件数,badge_two_trendline,🟢 Đủ,-,https://astecpaints-co-jp.domo.com/page/1827358914/kpis/details/1757213491
1827358914,全体管理,2090189264,大規模修繕注文件数_グラフ,badge_two_trendline,🟢 Đủ,-,https://astecpaints-co-jp.domo.com/page/1827358914/kpis/details/2090189264
1827358914,全体管理,612296022,工場アパマン紹介手数料,badge_pivot_table,🟢 Đủ,-,https://astecpaints-co-jp.domo.com/page/1827358914/kpis/details/612296022
1827358914,全体管理,1108873039,プロテック手数料 予実,badge_pivot_table,🟢 Đủ,-,https://astecpaints-co-jp.domo.com/page/1827358914/kpis/details/1108873039
1827358914,全体管理,1607768844,法人営業部_手数料予実_当月,badge_pivot_table,🟢 Đủ,-,https://astecpaints-co-jp.domo.com/page/1827358914/kpis/details/1607768844
1827358914,全体管理,798110155,法人営業部_塗料粗利 予実,badge_pivot_table,🟢 Đủ,-,https://astecpaints-co-jp.domo.com/page/1827358914/kpis/details/798110155
1827358914,全体管理,119774191,工場・アパマン_塗料粗利,badge_pivot_table,🟢 Đủ,-,https://astecpaints-co-jp.domo.com/page/1827358914/kpis/details/119774191
1827358914,全体管理,1140052288,法人営業部_塗料粗利 予実,badge_pivot_table,🟢 Đủ,-,https://astecpaints-co-jp.domo.com/page/1827358914/kpis/details/1140052288
1827358914,全体管理,908199668,沖縄_塗料粗利,badge_pivot_table,🟢 Đủ,-,https://astecpaints-co-jp.domo.com/page/1827358914/kpis/details/908199668
1827358914,全体管理,988197674,契約率（3ヶ月移動平均/60万円以上）,badge_symbolline,🟢 Đủ,-,https://astecpaints-co-jp.domo.com/page/1827358914/kpis/details/988197674
1827358914,全体管理,1417532884,工事粗利,badge_pivot_table,🟢 Đủ,-,https://astecpaints-co-jp.domo.com/page/1827358914/kpis/details/1417532884
1827358914,全体管理,1562411866,プロテック塗料粗利,badge_vert_multibar,🟢 Đủ,-,https://astecpaints-co-jp.domo.com/page/1827358914/kpis/details/1562411866
1827358914,全体管理,198091187,工場・アパマン塗料注文件数_グラフ,badge_two_trendline,🟢 Đủ,-,https://astecpaints-co-jp.domo.com/page/1827358914/kpis/details/198091187
1827358914,全体管理,223021489,工場アパマン紹介手数料_グラフ,badge_vert_multibar,🟢 Đủ,-,https://astecpaints-co-jp.domo.com/page/1827358914/kpis/details/223021489
1827358914,全体管理,199640344,アパマン塗料注文件数_グラフ,badge_two_trendline,🟢 Đủ,-,https://astecpaints-co-jp.domo.com/page/1827358914/kpis/details/199640344
1827358914,全体管理,1897760483,CAD作成代行費用（プロテック）,badge_pivot_table,🟢 Đủ,-,https://astecpaints-co-jp.domo.com/page/1827358914/kpis/details/1897760483
1827358914,全体管理,282162621,工場塗料注文件数_グラフ,badge_two_trendline,🟢 Đủ,-,https://astecpaints-co-jp.domo.com/page/1827358914/kpis/details/282162621
1827358914,全体管理,1092187899,商品別売上（カイゼンReペイント）,badge_pivot_table,🟢 Đủ,-,https://astecpaints-co-jp.domo.com/page/1827358914/kpis/details/1092187899
1827358914,全体管理,870418362,工場_塗料粗利,badge_pivot_table,🟢 Đủ,-,https://astecpaints-co-jp.domo.com/page/1827358914/kpis/details/870418362
1827358914,全体管理,144862465,完工件数_グラフ,badge_two_trendline,🟢 Đủ,-,https://astecpaints-co-jp.domo.com/page/1827358914/kpis/details/144862465
1827358914,全体管理,1192997370,契約率（見積提案日基準）,badge_pivot_table,🟢 Đủ,-,https://astecpaints-co-jp.domo.com/page/1827358914/kpis/details/1192997370
1827358914,全体管理,1635302702,法人営業部_全体予実,badge_pivot_table,🟢 Đủ,-,https://astecpaints-co-jp.domo.com/page/1827358914/kpis/details/1635302702
1827358914,全体管理,1013435713,大規模修繕粗利_グラフ,badge_vert_multibar,🟢 Đủ,-,https://astecpaints-co-jp.domo.com/page/1827358914/kpis/details/1013435713
1827358914,全体管理,671546784,施工店登録費用,badge_pivot_table,🟢 Đủ,-,https://astecpaints-co-jp.domo.com/page/1827358914/kpis/details/671546784
1827358914,全体管理,325383362,法人営業部_塗料粗利 予実（経理確認用）,badge_pivot_table,🟢 Đủ,-,https://astecpaints-co-jp.domo.com/page/1827358914/kpis/details/325383362
1827358914,全体管理,1480269791,工場アパマン成約手数料,badge_pivot_table,🟢 Đủ,-,https://astecpaints-co-jp.domo.com/page/1827358914/kpis/details/1480269791
1827358914,全体管理,814591635,沖縄_塗料粗利_グラフ,badge_vert_multibar,🟢 Đủ,-,https://astecpaints-co-jp.domo.com/page/1827358914/kpis/details/814591635
1827358914,全体管理,1455082981,アパマン塗料粗利_グラフ,badge_vert_multibar,🟢 Đủ,-,https://astecpaints-co-jp.domo.com/page/1827358914/kpis/details/1455082981
193413623,工場アパマンチームのキーエンス指標,102595851,訪問達成率（工場アパマンチーム）,badge_pivot_table,🟢 Đủ,-,https://astecpaints-co-jp.domo.com/page/193413623/kpis/details/102595851
193413623,工場アパマンチームのキーエンス指標,1497893800,訪問前MTG実施率（工場アパマンチーム）,badge_pivot_table,🟢 Đủ,-,https://astecpaints-co-jp.domo.com/page/193413623/kpis/details/1497893800
193413623,工場アパマンチームのキーエンス指標,952111392,ロープレ達成率（カイゼン）,badge_pivot_table,🟢 Đủ,-,https://astecpaints-co-jp.domo.com/page/193413623/kpis/details/952111392
193413623,工場アパマンチームのキーエンス指標,1773965583,追客コール数（カイゼン）,badge_pivot_table,🟢 Đủ,-,https://astecpaints-co-jp.domo.com/page/193413623/kpis/details/1773965583
193413623,工場アパマンチームのキーエンス指標,241334926,後MTG実施率（カイゼン）,badge_pivot_table,🟢 Đủ,-,https://astecpaints-co-jp.domo.com/page/193413623/kpis/details/241334926
193413623,工場アパマンチームのキーエンス指標,1216150706,結果記入率（工場アパマンチーム）,badge_pivot_table,🟢 Đủ,-,https://astecpaints-co-jp.domo.com/page/193413623/kpis/details/1216150706
1959758463,週間MTG用コラボス分析,1255037399,【期待値込】プロテック請負金額集計_元請別（計上予定日基準）,badge_pivot_table,🟢 Đủ,-,https://astecpaints-co-jp.domo.com/page/1959758463/kpis/details/1255037399
1959758463,週間MTG用コラボス分析,587114568,見積予実_元請別,badge_pivot_table,🟢 Đủ,-,https://astecpaints-co-jp.domo.com/page/1959758463/kpis/details/587114568
1959758463,週間MTG用コラボス分析,44262708,平均見積金額_元請別(直近1年間),badge_pivot_table,🟢 Đủ,-,https://astecpaints-co-jp.domo.com/page/1959758463/kpis/details/44262708
1959758463,週間MTG用コラボス分析,1861520957,平均日数_施工店別,badge_basic_table,🟢 Đủ,-,https://astecpaints-co-jp.domo.com/page/1959758463/kpis/details/1861520957
1959758463,週間MTG用コラボス分析,460265818,契約予実_元請別,badge_pivot_table,🟢 Đủ,-,https://astecpaints-co-jp.domo.com/page/1959758463/kpis/details/460265818
1959758463,週間MTG用コラボス分析,1223341021,施工店名,badge_dropdown_selector,🟢 Đủ,-,https://astecpaints-co-jp.domo.com/page/1959758463/kpis/details/1223341021
1959758463,週間MTG用コラボス分析,570077680,完工予実_元請別,badge_pivot_table,🟢 Đủ,-,https://astecpaints-co-jp.domo.com/page/1959758463/kpis/details/570077680
1959758463,週間MTG用コラボス分析,1376120614,施工店請負金額_施工店別（工事完了日基準）,badge_pivot_table,🟢 Đủ,-,https://astecpaints-co-jp.domo.com/page/1959758463/kpis/details/1376120614
1959758463,週間MTG用コラボス分析,370751928,現調数_施工店別（訪問日基準）,badge_pivot_table,🟢 Đủ,-,https://astecpaints-co-jp.domo.com/page/1959758463/kpis/details/370751928
1959758463,週間MTG用コラボス分析,1787571010,契約予実_担当別,badge_pivot_table,🟢 Đủ,-,https://astecpaints-co-jp.domo.com/page/1959758463/kpis/details/1787571010
1959758463,週間MTG用コラボス分析,821964464,対応案件数_施工店別（見積提案日基準）,badge_pivot_table,🟢 Đủ,-,https://astecpaints-co-jp.domo.com/page/1959758463/kpis/details/821964464
1959758463,週間MTG用コラボス分析,25377069,契約数_施工店別（結果確定日基準）,badge_pivot_table,🟢 Đủ,-,https://astecpaints-co-jp.domo.com/page/1959758463/kpis/details/25377069
1959758463,週間MTG用コラボス分析,1037568660,見積予実_担当別,badge_pivot_table,🟢 Đủ,-,https://astecpaints-co-jp.domo.com/page/1959758463/kpis/details/1037568660
1959758463,週間MTG用コラボス分析,1800945557,都道府県,badge_dropdown_selector,🟢 Đủ,-,https://astecpaints-co-jp.domo.com/page/1959758463/kpis/details/1800945557
1959758463,週間MTG用コラボス分析,200730483,元請会社名,badge_dropdown_selector,🟢 Đủ,-,https://astecpaints-co-jp.domo.com/page/1959758463/kpis/details/200730483
1959758463,週間MTG用コラボス分析,496855862,完工予実_元請別（注力外）,badge_pivot_table,🟢 Đủ,-,https://astecpaints-co-jp.domo.com/page/1959758463/kpis/details/496855862
1959758463,週間MTG用コラボス分析,526521217,完工予実_担当別,badge_pivot_table,🟢 Đủ,-,https://astecpaints-co-jp.domo.com/page/1959758463/kpis/details/526521217
1959758463,週間MTG用コラボス分析,1970933660,営業担当（コラボス）,badge_dropdown_selector,🟢 Đủ,-,https://astecpaints-co-jp.domo.com/page/1959758463/kpis/details/1970933660
1959758463,週間MTG用コラボス分析,1704425485,平均見積金額_元請別(直近3ヶ月),badge_pivot_table,🟢 Đủ,-,https://astecpaints-co-jp.domo.com/page/1959758463/kpis/details/1704425485
1959758463,週間MTG用コラボス分析,1171272019,プロテック請負金額集計_担当別,badge_pivot_table,🟢 Đủ,-,https://astecpaints-co-jp.domo.com/page/1959758463/kpis/details/1171272019
1959758463,週間MTG用コラボス分析,373364447,実績・期待値,badge_dropdown_selector,🟢 Đủ,-,https://astecpaints-co-jp.domo.com/page/1959758463/kpis/details/373364447
2006619322,法人営業部用_売上集計(出荷日基準),1790291063,Duplicate of 次の複製： 営業所(現担当基準:出荷基準),badge_slicer,🟢 Đủ,-,https://astecpaints-co-jp.domo.com/page/2006619322/kpis/details/1790291063
2006619322,法人営業部用_売上集計(出荷日基準),14481186,Duplicate of 次の複製： 営業担当(現担当基準:出荷基準),badge_dropdown_selector,🟢 Đủ,-,https://astecpaints-co-jp.domo.com/page/2006619322/kpis/details/14481186
2006619322,法人営業部用_売上集計(出荷日基準),466562063,Duplicate of 加盟チャネル_工場アパマン,badge_checkbox_selector,🟢 Đủ,-,https://astecpaints-co-jp.domo.com/page/2006619322/kpis/details/466562063
2006619322,法人営業部用_売上集計(出荷日基準),1631172075,Duplicate of 次の複製： 加盟店子ランク(出荷基準),badge_dropdown_selector,🟢 Đủ,-,https://astecpaints-co-jp.domo.com/page/2006619322/kpis/details/1631172075
2006619322,法人営業部用_売上集計(出荷日基準),744168101,Duplicate of 次の複製： 営業所(実績担当基準:出荷基準),badge_slicer,🟢 Đủ,-,https://astecpaints-co-jp.domo.com/page/2006619322/kpis/details/744168101
2006619322,法人営業部用_売上集計(出荷日基準),1568530226,Duplicate of Duplicate of 加盟グループ_アステック,badge_checkbox_selector,🟢 Đủ,-,https://astecpaints-co-jp.domo.com/page/2006619322/kpis/details/1568530226
2006619322,法人営業部用_売上集計(出荷日基準),1430828533,顧客会社名,badge_dropdown_selector,🟢 Đủ,-,https://astecpaints-co-jp.domo.com/page/2006619322/kpis/details/1430828533
2006619322,法人営業部用_売上集計(出荷日基準),1039072838,Duplicate of 次の複製： APS(出荷基準),badge_slicer,🟢 Đủ,-,https://astecpaints-co-jp.domo.com/page/2006619322/kpis/details/1039072838
2006619322,法人営業部用_売上集計(出荷日基準),1264825156,Duplicate of 次の複製： 商品(出荷基準),badge_dropdown_selector,🟢 Đủ,-,https://astecpaints-co-jp.domo.com/page/2006619322/kpis/details/1264825156
2006619322,法人営業部用_売上集計(出荷日基準),260858484,Duplicate of 次の複製： 売上集計表(出荷日基準),badge_basic_table,🟢 Đủ,-,https://astecpaints-co-jp.domo.com/page/2006619322/kpis/details/260858484
2006619322,法人営業部用_売上集計(出荷日基準),1097226420,Duplicate of 塗料系統(出荷基準)の複製,badge_dropdown_selector,🟢 Đủ,-,https://astecpaints-co-jp.domo.com/page/2006619322/kpis/details/1097226420
2006619322,法人営業部用_売上集計(出荷日基準),1256052402,Duplicate of 次の複製： 集計対象現場(出荷基準),badge_slicer,🟢 Đủ,-,https://astecpaints-co-jp.domo.com/page/2006619322/kpis/details/1256052402
2006619322,法人営業部用_売上集計(出荷日基準),1258504332,Duplicate of 次の複製： 売上実績(出荷日基準),badge_basic_table,🟢 Đủ,-,https://astecpaints-co-jp.domo.com/page/2006619322/kpis/details/1258504332
2006619322,法人営業部用_売上集計(出荷日基準),1338965695,Duplicate of 次の複製： カテゴリー(出荷基準),badge_dropdown_selector,🟢 Đủ,-,https://astecpaints-co-jp.domo.com/page/2006619322/kpis/details/1338965695
2006619322,法人営業部用_売上集計(出荷日基準),531317284,Duplicate of 加盟グループ_SCチャネル,badge_checkbox_selector,🟢 Đủ,-,https://astecpaints-co-jp.domo.com/page/2006619322/kpis/details/531317284
2006619322,法人営業部用_売上集計(出荷日基準),289460039,Duplicate of 次の複製： 売上詳細(出荷日基準),badge_basic_table,🟢 Đủ,-,https://astecpaints-co-jp.domo.com/page/2006619322/kpis/details/289460039
2006619322,法人営業部用_売上集計(出荷日基準),235257595,Duplicate of 次の複製： 営業担当(実績基準:出荷基準),badge_dropdown_selector,🟢 Đủ,-,https://astecpaints-co-jp.domo.com/page/2006619322/kpis/details/235257595
2006619322,法人営業部用_売上集計(出荷日基準),1142384157,Duplicate of 次の複製： 物件種別(出荷基準),badge_slicer,🟢 Đủ,-,https://astecpaints-co-jp.domo.com/page/2006619322/kpis/details/1142384157
2006619322,法人営業部用_売上集計(出荷日基準),794736469,Duplicate of 加盟グループ_プロテック（フィラーⅡ含）,badge_checkbox_selector,🟢 Đủ,-,https://astecpaints-co-jp.domo.com/page/2006619322/kpis/details/794736469
2006619322,法人営業部用_売上集計(出荷日基準),764901787,Duplicate of 次の複製： 加盟グループ_プロタイムズ,badge_checkbox_selector,🟢 Đủ,-,https://astecpaints-co-jp.domo.com/page/2006619322/kpis/details/764901787
2006619322,法人営業部用_売上集計(出荷日基準),507339810,Duplicate of アステック加盟種別(出荷基準)の複製,badge_slicer,🟢 Đủ,-,https://astecpaints-co-jp.domo.com/page/2006619322/kpis/details/507339810
2006619322,法人営業部用_売上集計(出荷日基準),769671943,Duplicate of 次の複製： 加盟チャネル(出荷基準),badge_dropdown_selector,🟢 Đủ,-,https://astecpaints-co-jp.domo.com/page/2006619322/kpis/details/769671943
2006619322,法人営業部用_売上集計(出荷日基準),536008665,Duplicate of 次の複製： 都道府県(顧客営業所:出荷基準),badge_dropdown_selector,🟢 Đủ,-,https://astecpaints-co-jp.domo.com/page/2006619322/kpis/details/536008665
2006619322,法人営業部用_売上集計(出荷日基準),1237446309,Duplicate of 次の複製： 顧客会社名(出荷基準),badge_checkbox_selector,🟢 Đủ,-,https://astecpaints-co-jp.domo.com/page/2006619322/kpis/details/1237446309
2006619322,法人営業部用_売上集計(出荷日基準),948537816,Duplicate of 売上集計表,badge_basic_table,🟢 Đủ,-,https://astecpaints-co-jp.domo.com/page/2006619322/kpis/details/948537816
2006619322,法人営業部用_売上集計(出荷日基準),123479280,Duplicate of カイゼンReペイントサービス,badge_checkbox_selector,🟢 Đủ,-,https://astecpaints-co-jp.domo.com/page/2006619322/kpis/details/123479280
213860614,施工店分析,633141134,未完工一覧,badge_basic_table,🟢 Đủ,-,https://astecpaints-co-jp.domo.com/page/213860614/kpis/details/633141134
213860614,施工店分析,192293578,施工店名（コラボス）,badge_dropdown_selector,🟢 Đủ,-,https://astecpaints-co-jp.domo.com/page/213860614/kpis/details/192293578
213860614,施工店分析,1931412914,契約一覧(見積結果日基準),badge_basic_table,🟢 Đủ,-,https://astecpaints-co-jp.domo.com/page/213860614/kpis/details/1931412914
213860614,施工店分析,1851405345,平均単価(施工店請負金額),badge_pivot_table,🟢 Đủ,-,https://astecpaints-co-jp.domo.com/page/213860614/kpis/details/1851405345
213860614,施工店分析,1969287996,商談未確定率（見積提案日基準）,badge_two_trendline,🟢 Đủ,-,https://astecpaints-co-jp.domo.com/page/213860614/kpis/details/1969287996
213860614,施工店分析,1465957941,ユニット（コラボス）,badge_dropdown_selector,🟢 Đủ,-,https://astecpaints-co-jp.domo.com/page/213860614/kpis/details/1465957941
213860614,施工店分析,138189276,月別施工店ごと商談未確定件数(今期),badge_pivot_table,🟢 Đủ,-,https://astecpaints-co-jp.domo.com/page/213860614/kpis/details/138189276
213860614,施工店分析,53616018,見積数（見積提案日基準）,badge_vert_multibar,🟢 Đủ,-,https://astecpaints-co-jp.domo.com/page/213860614/kpis/details/53616018
213860614,施工店分析,710284790,契約数(結果確定日基準),badge_vert_multibar,🟢 Đủ,-,https://astecpaints-co-jp.domo.com/page/213860614/kpis/details/710284790
213860614,施工店分析,1970933660,営業担当（コラボス）,badge_dropdown_selector,🟢 Đủ,-,https://astecpaints-co-jp.domo.com/page/213860614/kpis/details/1970933660
213860614,施工店分析,532453145,契約率（12ヶ月移動平均）,badge_symbolline,🟢 Đủ,-,https://astecpaints-co-jp.domo.com/page/213860614/kpis/details/532453145
213860614,施工店分析,1465358268,案件一覧(施工店用_承り日基準),badge_basic_table,🟢 Đủ,-,https://astecpaints-co-jp.domo.com/page/213860614/kpis/details/1465358268
213860614,施工店分析,2147160344,完工一覧（工事完了予定日基準）,badge_vert_multibar,🟢 Đủ,-,https://astecpaints-co-jp.domo.com/page/213860614/kpis/details/2147160344
213860614,施工店分析,395356149,案件数（承り日基準）,badge_vert_multibar,🟢 Đủ,-,https://astecpaints-co-jp.domo.com/page/213860614/kpis/details/395356149
213860614,施工店分析,595232334,平均日数（施工店別）,badge_basic_table,🟢 Đủ,-,https://astecpaints-co-jp.domo.com/page/213860614/kpis/details/595232334
213860614,施工店分析,831102014,郵送率（施工店でフィルター必須）,badge_two_trendline,🟢 Đủ,-,https://astecpaints-co-jp.domo.com/page/213860614/kpis/details/831102014
213860614,施工店分析,206632515,数値進捗（施工店）3ヶ月集計,badge_pivot_table,🟢 Đủ,-,https://astecpaints-co-jp.domo.com/page/213860614/kpis/details/206632515
213860614,施工店分析,118066549,数値進捗（施工店）,badge_pivot_table,🟢 Đủ,-,https://astecpaints-co-jp.domo.com/page/213860614/kpis/details/118066549
213860614,施工店分析,1288974591,郵送率（3ヶ月毎）,badge_two_trendline,🟢 Đủ,-,https://astecpaints-co-jp.domo.com/page/213860614/kpis/details/1288974591
213860614,施工店分析,765442322,見積件数一覧(見積提案日基準),badge_basic_table,🟢 Đủ,-,https://astecpaints-co-jp.domo.com/page/213860614/kpis/details/765442322
213860614,施工店分析,1579225174,元請け別契約金額(結果確定日基準),badge_pivot_table,🟢 Đủ,-,https://astecpaints-co-jp.domo.com/page/213860614/kpis/details/1579225174
213860614,施工店分析,90992398,契約率(施工店分析）,badge_pivot_table,🟢 Đủ,-,https://astecpaints-co-jp.domo.com/page/213860614/kpis/details/90992398
213860614,施工店分析,1123284518,完工一覧,badge_basic_table,🟢 Đủ,-,https://astecpaints-co-jp.domo.com/page/213860614/kpis/details/1123284518
213860614,施工店分析,868287800,月別施工店ごと郵送件数(今期),badge_pivot_table,🟢 Đủ,-,https://astecpaints-co-jp.domo.com/page/213860614/kpis/details/868287800
213860614,施工店分析,1715340574,元請け別完工金額,badge_pivot_table,🟢 Đủ,-,https://astecpaints-co-jp.domo.com/page/213860614/kpis/details/1715340574
213860614,施工店分析,1866181173,契約率（3ヶ月移動平均）,badge_symbolline,🟢 Đủ,-,https://astecpaints-co-jp.domo.com/page/213860614/kpis/details/1866181173
213860614,施工店分析,1137777881,商談未確定率（3ヶ月毎）,badge_two_trendline,🟢 Đủ,-,https://astecpaints-co-jp.domo.com/page/213860614/kpis/details/1137777881
213860614,施工店分析,1010684648,契約率_グラフ（見積提案日基準）,badge_two_trendline,🟢 Đủ,-,https://astecpaints-co-jp.domo.com/page/213860614/kpis/details/1010684648
213860614,施工店分析,200730483,元請会社名,badge_dropdown_selector,🟢 Đủ,-,https://astecpaints-co-jp.domo.com/page/213860614/kpis/details/200730483
248150074,工場売上分析,856031365,チーム,badge_dropdown_selector,🟢 Đủ,-,https://astecpaints-co-jp.domo.com/page/248150074/kpis/details/856031365
248150074,工場売上分析,228624032,ステータス別_工場・倉庫・施設出荷社数_年比較,badge_vert_multibar,🟢 Đủ,-,https://astecpaints-co-jp.domo.com/page/248150074/kpis/details/228624032
248150074,工場売上分析,1731783511,現場名（工場案件）,badge_dropdown_selector,🟢 Đủ,-,https://astecpaints-co-jp.domo.com/page/248150074/kpis/details/1731783511
248150074,工場売上分析,1449859205,担当者,badge_dropdown_selector,🟢 Đủ,-,https://astecpaints-co-jp.domo.com/page/248150074/kpis/details/1449859205
248150074,工場売上分析,674045266,商品別_工場・倉庫・施設出荷現場数,badge_pivot_table,🟢 Đủ,-,https://astecpaints-co-jp.domo.com/page/248150074/kpis/details/674045266
248150074,工場売上分析,1924842861,ステータス別_工場・倉庫・施設売上,badge_pivot_table,🟢 Đủ,-,https://astecpaints-co-jp.domo.com/page/248150074/kpis/details/1924842861
248150074,工場売上分析,1341591185,商品別_工場・倉庫・施設出荷社数,badge_pivot_table,🟢 Đủ,-,https://astecpaints-co-jp.domo.com/page/248150074/kpis/details/1341591185
248150074,工場売上分析,572002633,ステータス別_工場・倉庫・施設出荷現場数,badge_pivot_table,🟢 Đủ,-,https://astecpaints-co-jp.domo.com/page/248150074/kpis/details/572002633
248150074,工場売上分析,1017947390,月別_工場・倉庫・施設出荷社数,badge_pivot_table,🟢 Đủ,-,https://astecpaints-co-jp.domo.com/page/248150074/kpis/details/1017947390
248150074,工場売上分析,571321567,ステータス別_工場・倉庫・施設出荷_平均単価_年比較,badge_vert_multibar,🟢 Đủ,-,https://astecpaints-co-jp.domo.com/page/248150074/kpis/details/571321567
248150074,工場売上分析,1643529095,工場案件一覧,badge_pivot_table,🟢 Đủ,-,https://astecpaints-co-jp.domo.com/page/248150074/kpis/details/1643529095
248150074,工場売上分析,41090011,営業所,badge_dropdown_selector,🟢 Đủ,-,https://astecpaints-co-jp.domo.com/page/248150074/kpis/details/41090011
248150074,工場売上分析,1712590684,ステータス別_工場・倉庫・施設売上_年比較,badge_vert_multibar,🟢 Đủ,-,https://astecpaints-co-jp.domo.com/page/248150074/kpis/details/1712590684
248150074,工場売上分析,1927448437,売上時期,badge_dropdown_selector,🟢 Đủ,-,https://astecpaints-co-jp.domo.com/page/248150074/kpis/details/1927448437
248150074,工場売上分析,335358071,ステータス別_工場・倉庫・施設出荷現場数_年比較,badge_vert_multibar,🟢 Đủ,-,https://astecpaints-co-jp.domo.com/page/248150074/kpis/details/335358071
248150074,工場売上分析,988661802,商品別_工場・倉庫・施設出荷_平均単価,badge_pivot_table,🟢 Đủ,-,https://astecpaints-co-jp.domo.com/page/248150074/kpis/details/988661802
248150074,工場売上分析,1734810736,出荷済社数_工場・施設,badge_pivot_table,🟢 Đủ,-,https://astecpaints-co-jp.domo.com/page/248150074/kpis/details/1734810736
248150074,工場売上分析,1491562448,ステータス別_工場・倉庫・施設出荷_平均単価,badge_pivot_table,🟢 Đủ,-,https://astecpaints-co-jp.domo.com/page/248150074/kpis/details/1491562448
248150074,工場売上分析,647931224,材料別_工場・倉庫・施設売上,badge_pivot_table,🟢 Đủ,-,https://astecpaints-co-jp.domo.com/page/248150074/kpis/details/647931224
836254252,物件種別修正用,1166459822,コーナン（加盟金なし）,badge_checkbox_selector,🟢 Đủ,-,https://astecpaints-co-jp.domo.com/page/836254252/kpis/details/1166459822
836254252,物件種別修正用,916494563,ERAWAN_物件種別(すべて),badge_basic_table,🟢 Đủ,-,https://astecpaints-co-jp.domo.com/page/836254252/kpis/details/916494563
836254252,物件種別修正用,936888329,物件種別修正用一覧_コラボス,badge_basic_table,🟢 Đủ,-,https://astecpaints-co-jp.domo.com/page/836254252/kpis/details/936888329
836254252,物件種別修正用,1487605862,施工店グループ（その他）,badge_checkbox_selector,🟢 Đủ,-,https://astecpaints-co-jp.domo.com/page/836254252/kpis/details/1487605862
836254252,物件種別修正用,1794260672,その他の詳細,badge_dropdown_selector,🟢 Đủ,-,https://astecpaints-co-jp.domo.com/page/836254252/kpis/details/1794260672
836254252,物件種別修正用,1675340749,物件種別修正用一覧_ERAWAN,badge_basic_table,🟢 Đủ,-,https://astecpaints-co-jp.domo.com/page/836254252/kpis/details/1675340749
836254252,物件種別修正用,771538731,コーナン（加盟金あり）,badge_checkbox_selector,🟢 Đủ,-,https://astecpaints-co-jp.domo.com/page/836254252/kpis/details/771538731
929628649,完工予測,430670634,前期 完工粗利進捗（完工・未完工集計）,badge_pivot_table,🟢 Đủ,-,https://astecpaints-co-jp.domo.com/page/929628649/kpis/details/430670634
929628649,完工予測,917263084,契約予定物件一覧（※フィルタはかかりません）,badge_basic_table,🟢 Đủ,-,https://astecpaints-co-jp.domo.com/page/929628649/kpis/details/917263084
929628649,完工予測,67574147,今期 平均工事粗利,badge_pivot_table,🟢 Đủ,-,https://astecpaints-co-jp.domo.com/page/929628649/kpis/details/67574147
929628649,完工予測,761208411,坂本あテスト＿  完工粗利進捗（完工・未完工集計）,badge_pivot_table,🟢 Đủ,-,https://astecpaints-co-jp.domo.com/page/929628649/kpis/details/761208411
929628649,完工予測,617367407,元請会社名（コラボス）,badge_dropdown_selector,🟢 Đủ,-,https://astecpaints-co-jp.domo.com/page/929628649/kpis/details/617367407
929628649,完工予測,958787017,前期 平均工事粗利,badge_pivot_table,🟢 Đủ,-,https://astecpaints-co-jp.domo.com/page/929628649/kpis/details/958787017
929628649,完工予測,1175704747,月別実績集計表（昨対比較含む）,badge_pivot_table,🟢 Đủ,-,https://astecpaints-co-jp.domo.com/page/929628649/kpis/details/1175704747
929628649,完工予測,800198233,前期 数字進捗集計（案件・見積・契約）,badge_pivot_table,🟢 Đủ,-,https://astecpaints-co-jp.domo.com/page/929628649/kpis/details/800198233
929628649,完工予測,1962254929,工事粗利進捗（完工：確定分、未完工：完了予定日で集計）,badge_pivot_table,🟢 Đủ,-,https://astecpaints-co-jp.domo.com/page/929628649/kpis/details/1962254929
929628649,完工予測,476260492,完工粗利進捗（完工・未完工集計）,badge_pivot_table,🟢 Đủ,-,https://astecpaints-co-jp.domo.com/page/929628649/kpis/details/476260492
929628649,完工予測,1183799360,前期 月別実績集計表（昨対比較含む),badge_pivot_table,🟢 Đủ,-,https://astecpaints-co-jp.domo.com/page/929628649/kpis/details/1183799360
929628649,完工予測,1518625291,前期 平均契約金額,badge_pivot_table,🟢 Đủ,-,https://astecpaints-co-jp.domo.com/page/929628649/kpis/details/1518625291
929628649,完工予測,255857016,完工物件一覧（完工確認済み、支払い基準日入力物件）,badge_basic_table,🟢 Đủ,-,https://astecpaints-co-jp.domo.com/page/929628649/kpis/details/255857016
929628649,完工予測,2071676063,未完工物件一覧（工事完了予定日で抽出）,badge_basic_table,🟢 Đủ,-,https://astecpaints-co-jp.domo.com/page/929628649/kpis/details/2071676063
929628649,完工予測,203300921,数字進捗集計（案件・見積・契約）,badge_pivot_table,🟢 Đủ,-,https://astecpaints-co-jp.domo.com/page/929628649/kpis/details/203300921
929628649,完工予測,1584937308,今期 平均契約金額,badge_pivot_table,🟢 Đủ,-,https://astecpaints-co-jp.domo.com/page/929628649/kpis/details/1584937308
929628649,完工予測,1465957941,ユニット（コラボス）,badge_dropdown_selector,🟢 Đủ,-,https://astecpaints-co-jp.domo.com/page/929628649/kpis/details/1465957941
929628649,完工予測,1970933660,営業担当（コラボス）,badge_dropdown_selector,🟢 Đủ,-,https://astecpaints-co-jp.domo.com/page/929628649/kpis/details/1970933660
929628649,完工予測,1918456637,プロテック手数料予実（完工粗利予測）,badge_pivot_table,🟢 Đủ,-,https://astecpaints-co-jp.domo.com/page/929628649/kpis/details/1918456637
