page_id,page_name,slicer_name,filter_column,slicer_dataset,card_id,card_name,card_dataset,responds,reason
213860614,施工店分析,施工店名（コラボス）,担当施工店,コラボス＋リペイント,633141134,未完工一覧,コラボス＋リペイント,✅,Cùng dataset
213860614,施工店分析,ユニット（コラボス）,ユニット,コラボス＋リペイント,633141134,未完工一覧,コラボス＋リペイント,✅,Cùng dataset
213860614,施工店分析,営業担当（コラボス）,営業担当（文字化け修正）,コラボス＋リペイント,633141134,未完工一覧,コラボス＋リペイント,✅,Cùng dataset
213860614,施工店分析,元請会社名,元請会社（DCMまとめ）,コラボス＋リペイント,633141134,未完工一覧,コラボス＋リペイント,✅,Cùng dataset
213860614,施工店分析,施工店名（コラボス）,担当施工店,コラボス＋リペイント,1931412914,契約一覧(見積結果日基準),コラボス＋リペイント,✅,Cùng dataset
213860614,施工店分析,ユニット（コラボス）,ユニット,コラボス＋リペイント,1931412914,契約一覧(見積結果日基準),コラボス＋リペイント,✅,Cùng dataset
213860614,施工店分析,営業担当（コラボス）,営業担当（文字化け修正）,コラボス＋リペイント,1931412914,契約一覧(見積結果日基準),コラボス＋リペイント,✅,Cùng dataset
213860614,施工店分析,元請会社名,元請会社（DCMまとめ）,コラボス＋リペイント,1931412914,契約一覧(見積結果日基準),コラボス＋リペイント,✅,Cùng dataset
213860614,施工店分析,施工店名（コラボス）,担当施工店,コラボス＋リペイント,1851405345,平均単価(施工店請負金額),コラボス＋リペイント,✅,Cùng dataset
213860614,施工店分析,ユニット（コラボス）,ユニット,コラボス＋リペイント,1851405345,平均単価(施工店請負金額),コラボス＋リペイント,✅,Cùng dataset
213860614,施工店分析,営業担当（コラボス）,営業担当（文字化け修正）,コラボス＋リペイント,1851405345,平均単価(施工店請負金額),コラボス＋リペイント,✅,Cùng dataset
213860614,施工店分析,元請会社名,元請会社（DCMまとめ）,コラボス＋リペイント,1851405345,平均単価(施工店請負金額),コラボス＋リペイント,✅,Cùng dataset
213860614,施工店分析,施工店名（コラボス）,担当施工店,コラボス＋リペイント,1969287996,商談未確定率（見積提案日基準）,コラボス＋リペイント,✅,Cùng dataset
213860614,施工店分析,ユニット（コラボス）,ユニット,コラボス＋リペイント,1969287996,商談未確定率（見積提案日基準）,コラボス＋リペイント,✅,Cùng dataset
213860614,施工店分析,営業担当（コラボス）,営業担当（文字化け修正）,コラボス＋リペイント,1969287996,商談未確定率（見積提案日基準）,コラボス＋リペイント,✅,Cùng dataset
213860614,施工店分析,元請会社名,元請会社（DCMまとめ）,コラボス＋リペイント,1969287996,商談未確定率（見積提案日基準）,コラボス＋リペイント,✅,Cùng dataset
213860614,施工店分析,施工店名（コラボス）,担当施工店,コラボス＋リペイント,138189276,月別施工店ごと商談未確定件数(今期),コラボス＋リペイント,✅,Cùng dataset
213860614,施工店分析,ユニット（コラボス）,ユニット,コラボス＋リペイント,138189276,月別施工店ごと商談未確定件数(今期),コラボス＋リペイント,✅,Cùng dataset
213860614,施工店分析,営業担当（コラボス）,営業担当（文字化け修正）,コラボス＋リペイント,138189276,月別施工店ごと商談未確定件数(今期),コラボス＋リペイント,✅,Cùng dataset
213860614,施工店分析,元請会社名,元請会社（DCMまとめ）,コラボス＋リペイント,138189276,月別施工店ごと商談未確定件数(今期),コラボス＋リペイント,✅,Cùng dataset
213860614,施工店分析,施工店名（コラボス）,担当施工店,コラボス＋リペイント,53616018,見積数（見積提案日基準）,コラボス＋リペイント,✅,Cùng dataset
213860614,施工店分析,ユニット（コラボス）,ユニット,コラボス＋リペイント,53616018,見積数（見積提案日基準）,コラボス＋リペイント,✅,Cùng dataset
213860614,施工店分析,営業担当（コラボス）,営業担当（文字化け修正）,コラボス＋リペイント,53616018,見積数（見積提案日基準）,コラボス＋リペイント,✅,Cùng dataset
213860614,施工店分析,元請会社名,元請会社（DCMまとめ）,コラボス＋リペイント,53616018,見積数（見積提案日基準）,コラボス＋リペイント,✅,Cùng dataset
213860614,施工店分析,施工店名（コラボス）,担当施工店,コラボス＋リペイント,710284790,契約数(結果確定日基準),コラボス＋リペイント,✅,Cùng dataset
213860614,施工店分析,ユニット（コラボス）,ユニット,コラボス＋リペイント,710284790,契約数(結果確定日基準),コラボス＋リペイント,✅,Cùng dataset
213860614,施工店分析,営業担当（コラボス）,営業担当（文字化け修正）,コラボス＋リペイント,710284790,契約数(結果確定日基準),コラボス＋リペイント,✅,Cùng dataset
213860614,施工店分析,元請会社名,元請会社（DCMまとめ）,コラボス＋リペイント,710284790,契約数(結果確定日基準),コラボス＋リペイント,✅,Cùng dataset
213860614,施工店分析,施工店名（コラボス）,担当施工店,コラボス＋リペイント,532453145,契約率（12ヶ月移動平均）,コラボス_契約率移動平均用,✅,Có column
213860614,施工店分析,ユニット（コラボス）,ユニット,コラボス＋リペイント,532453145,契約率（12ヶ月移動平均）,コラボス_契約率移動平均用,❌,Thiếu column
213860614,施工店分析,営業担当（コラボス）,営業担当（文字化け修正）,コラボス＋リペイント,532453145,契約率（12ヶ月移動平均）,コラボス_契約率移動平均用,❌,Thiếu column
213860614,施工店分析,元請会社名,元請会社（DCMまとめ）,コラボス＋リペイント,532453145,契約率（12ヶ月移動平均）,コラボス_契約率移動平均用,✅,Có column
213860614,施工店分析,施工店名（コラボス）,担当施工店,コラボス＋リペイント,1465358268,案件一覧(施工店用_承り日基準),コラボス＋リペイント,✅,Cùng dataset
213860614,施工店分析,ユニット（コラボス）,ユニット,コラボス＋リペイント,1465358268,案件一覧(施工店用_承り日基準),コラボス＋リペイント,✅,Cùng dataset
213860614,施工店分析,営業担当（コラボス）,営業担当（文字化け修正）,コラボス＋リペイント,1465358268,案件一覧(施工店用_承り日基準),コラボス＋リペイント,✅,Cùng dataset
213860614,施工店分析,元請会社名,元請会社（DCMまとめ）,コラボス＋リペイント,1465358268,案件一覧(施工店用_承り日基準),コラボス＋リペイント,✅,Cùng dataset
213860614,施工店分析,施工店名（コラボス）,担当施工店,コラボス＋リペイント,2147160344,完工一覧（工事完了予定日基準）,コラボス＋リペイント,✅,Cùng dataset
213860614,施工店分析,ユニット（コラボス）,ユニット,コラボス＋リペイント,2147160344,完工一覧（工事完了予定日基準）,コラボス＋リペイント,✅,Cùng dataset
213860614,施工店分析,営業担当（コラボス）,営業担当（文字化け修正）,コラボス＋リペイント,2147160344,完工一覧（工事完了予定日基準）,コラボス＋リペイント,✅,Cùng dataset
213860614,施工店分析,元請会社名,元請会社（DCMまとめ）,コラボス＋リペイント,2147160344,完工一覧（工事完了予定日基準）,コラボス＋リペイント,✅,Cùng dataset
213860614,施工店分析,施工店名（コラボス）,担当施工店,コラボス＋リペイント,395356149,案件数（承り日基準）,コラボス＋リペイント,✅,Cùng dataset
213860614,施工店分析,ユニット（コラボス）,ユニット,コラボス＋リペイント,395356149,案件数（承り日基準）,コラボス＋リペイント,✅,Cùng dataset
213860614,施工店分析,営業担当（コラボス）,営業担当（文字化け修正）,コラボス＋リペイント,395356149,案件数（承り日基準）,コラボス＋リペイント,✅,Cùng dataset
213860614,施工店分析,元請会社名,元請会社（DCMまとめ）,コラボス＋リペイント,395356149,案件数（承り日基準）,コラボス＋リペイント,✅,Cùng dataset
213860614,施工店分析,施工店名（コラボス）,担当施工店,コラボス＋リペイント,595232334,平均日数（施工店別）,コラボス＋リペイント,✅,Cùng dataset
213860614,施工店分析,ユニット（コラボス）,ユニット,コラボス＋リペイント,595232334,平均日数（施工店別）,コラボス＋リペイント,✅,Cùng dataset
213860614,施工店分析,営業担当（コラボス）,営業担当（文字化け修正）,コラボス＋リペイント,595232334,平均日数（施工店別）,コラボス＋リペイント,✅,Cùng dataset
213860614,施工店分析,元請会社名,元請会社（DCMまとめ）,コラボス＋リペイント,595232334,平均日数（施工店別）,コラボス＋リペイント,✅,Cùng dataset
213860614,施工店分析,施工店名（コラボス）,担当施工店,コラボス＋リペイント,831102014,郵送率（施工店でフィルター必須）,コラボス＋リペイント,✅,Cùng dataset
213860614,施工店分析,ユニット（コラボス）,ユニット,コラボス＋リペイント,831102014,郵送率（施工店でフィルター必須）,コラボス＋リペイント,✅,Cùng dataset
213860614,施工店分析,営業担当（コラボス）,営業担当（文字化け修正）,コラボス＋リペイント,831102014,郵送率（施工店でフィルター必須）,コラボス＋リペイント,✅,Cùng dataset
213860614,施工店分析,元請会社名,元請会社（DCMまとめ）,コラボス＋リペイント,831102014,郵送率（施工店でフィルター必須）,コラボス＋リペイント,✅,Cùng dataset
213860614,施工店分析,施工店名（コラボス）,担当施工店,コラボス＋リペイント,206632515,数値進捗（施工店）3ヶ月集計,コラボス＋リペイント（昨対集計用）,✅,Có column
213860614,施工店分析,ユニット（コラボス）,ユニット,コラボス＋リペイント,206632515,数値進捗（施工店）3ヶ月集計,コラボス＋リペイント（昨対集計用）,❌,Thiếu column
213860614,施工店分析,営業担当（コラボス）,営業担当（文字化け修正）,コラボス＋リペイント,206632515,数値進捗（施工店）3ヶ月集計,コラボス＋リペイント（昨対集計用）,❌,Thiếu column
213860614,施工店分析,元請会社名,元請会社（DCMまとめ）,コラボス＋リペイント,206632515,数値進捗（施工店）3ヶ月集計,コラボス＋リペイント（昨対集計用）,❌,Thiếu column
213860614,施工店分析,施工店名（コラボス）,担当施工店,コラボス＋リペイント,118066549,数値進捗（施工店）,コラボス＋リペイント（昨対集計用）,✅,Có column
213860614,施工店分析,ユニット（コラボス）,ユニット,コラボス＋リペイント,118066549,数値進捗（施工店）,コラボス＋リペイント（昨対集計用）,❌,Thiếu column
213860614,施工店分析,営業担当（コラボス）,営業担当（文字化け修正）,コラボス＋リペイント,118066549,数値進捗（施工店）,コラボス＋リペイント（昨対集計用）,❌,Thiếu column
213860614,施工店分析,元請会社名,元請会社（DCMまとめ）,コラボス＋リペイント,118066549,数値進捗（施工店）,コラボス＋リペイント（昨対集計用）,❌,Thiếu column
213860614,施工店分析,施工店名（コラボス）,担当施工店,コラボス＋リペイント,1288974591,郵送率（3ヶ月毎）,コラボス＋リペイント,✅,Cùng dataset
213860614,施工店分析,ユニット（コラボス）,ユニット,コラボス＋リペイント,1288974591,郵送率（3ヶ月毎）,コラボス＋リペイント,✅,Cùng dataset
213860614,施工店分析,営業担当（コラボス）,営業担当（文字化け修正）,コラボス＋リペイント,1288974591,郵送率（3ヶ月毎）,コラボス＋リペイント,✅,Cùng dataset
213860614,施工店分析,元請会社名,元請会社（DCMまとめ）,コラボス＋リペイント,1288974591,郵送率（3ヶ月毎）,コラボス＋リペイント,✅,Cùng dataset
213860614,施工店分析,施工店名（コラボス）,担当施工店,コラボス＋リペイント,765442322,見積件数一覧(見積提案日基準),コラボス＋リペイント,✅,Cùng dataset
213860614,施工店分析,ユニット（コラボス）,ユニット,コラボス＋リペイント,765442322,見積件数一覧(見積提案日基準),コラボス＋リペイント,✅,Cùng dataset
213860614,施工店分析,営業担当（コラボス）,営業担当（文字化け修正）,コラボス＋リペイント,765442322,見積件数一覧(見積提案日基準),コラボス＋リペイント,✅,Cùng dataset
213860614,施工店分析,元請会社名,元請会社（DCMまとめ）,コラボス＋リペイント,765442322,見積件数一覧(見積提案日基準),コラボス＋リペイント,✅,Cùng dataset
213860614,施工店分析,施工店名（コラボス）,担当施工店,コラボス＋リペイント,1579225174,元請け別契約金額(結果確定日基準),コラボス＋リペイント,✅,Cùng dataset
213860614,施工店分析,ユニット（コラボス）,ユニット,コラボス＋リペイント,1579225174,元請け別契約金額(結果確定日基準),コラボス＋リペイント,✅,Cùng dataset
213860614,施工店分析,営業担当（コラボス）,営業担当（文字化け修正）,コラボス＋リペイント,1579225174,元請け別契約金額(結果確定日基準),コラボス＋リペイント,✅,Cùng dataset
213860614,施工店分析,元請会社名,元請会社（DCMまとめ）,コラボス＋リペイント,1579225174,元請け別契約金額(結果確定日基準),コラボス＋リペイント,✅,Cùng dataset
213860614,施工店分析,施工店名（コラボス）,担当施工店,コラボス＋リペイント,90992398,契約率(施工店分析）,コラボス＋リペイント,✅,Cùng dataset
213860614,施工店分析,ユニット（コラボス）,ユニット,コラボス＋リペイント,90992398,契約率(施工店分析）,コラボス＋リペイント,✅,Cùng dataset
213860614,施工店分析,営業担当（コラボス）,営業担当（文字化け修正）,コラボス＋リペイント,90992398,契約率(施工店分析）,コラボス＋リペイント,✅,Cùng dataset
213860614,施工店分析,元請会社名,元請会社（DCMまとめ）,コラボス＋リペイント,90992398,契約率(施工店分析）,コラボス＋リペイント,✅,Cùng dataset
213860614,施工店分析,施工店名（コラボス）,担当施工店,コラボス＋リペイント,1123284518,完工一覧,コラボス＋リペイント,✅,Cùng dataset
213860614,施工店分析,ユニット（コラボス）,ユニット,コラボス＋リペイント,1123284518,完工一覧,コラボス＋リペイント,✅,Cùng dataset
213860614,施工店分析,営業担当（コラボス）,営業担当（文字化け修正）,コラボス＋リペイント,1123284518,完工一覧,コラボス＋リペイント,✅,Cùng dataset
213860614,施工店分析,元請会社名,元請会社（DCMまとめ）,コラボス＋リペイント,1123284518,完工一覧,コラボス＋リペイント,✅,Cùng dataset
213860614,施工店分析,施工店名（コラボス）,担当施工店,コラボス＋リペイント,868287800,月別施工店ごと郵送件数(今期),コラボス＋リペイント,✅,Cùng dataset
213860614,施工店分析,ユニット（コラボス）,ユニット,コラボス＋リペイント,868287800,月別施工店ごと郵送件数(今期),コラボス＋リペイント,✅,Cùng dataset
213860614,施工店分析,営業担当（コラボス）,営業担当（文字化け修正）,コラボス＋リペイント,868287800,月別施工店ごと郵送件数(今期),コラボス＋リペイント,✅,Cùng dataset
213860614,施工店分析,元請会社名,元請会社（DCMまとめ）,コラボス＋リペイント,868287800,月別施工店ごと郵送件数(今期),コラボス＋リペイント,✅,Cùng dataset
213860614,施工店分析,施工店名（コラボス）,担当施工店,コラボス＋リペイント,1715340574,元請け別完工金額,コラボス＋リペイント,✅,Cùng dataset
213860614,施工店分析,ユニット（コラボス）,ユニット,コラボス＋リペイント,1715340574,元請け別完工金額,コラボス＋リペイント,✅,Cùng dataset
213860614,施工店分析,営業担当（コラボス）,営業担当（文字化け修正）,コラボス＋リペイント,1715340574,元請け別完工金額,コラボス＋リペイント,✅,Cùng dataset
213860614,施工店分析,元請会社名,元請会社（DCMまとめ）,コラボス＋リペイント,1715340574,元請け別完工金額,コラボス＋リペイント,✅,Cùng dataset
213860614,施工店分析,施工店名（コラボス）,担当施工店,コラボス＋リペイント,1866181173,契約率（3ヶ月移動平均）,コラボス_契約率移動平均用,✅,Có column
213860614,施工店分析,ユニット（コラボス）,ユニット,コラボス＋リペイント,1866181173,契約率（3ヶ月移動平均）,コラボス_契約率移動平均用,❌,Thiếu column
213860614,施工店分析,営業担当（コラボス）,営業担当（文字化け修正）,コラボス＋リペイント,1866181173,契約率（3ヶ月移動平均）,コラボス_契約率移動平均用,❌,Thiếu column
213860614,施工店分析,元請会社名,元請会社（DCMまとめ）,コラボス＋リペイント,1866181173,契約率（3ヶ月移動平均）,コラボス_契約率移動平均用,✅,Có column
213860614,施工店分析,施工店名（コラボス）,担当施工店,コラボス＋リペイント,1137777881,商談未確定率（3ヶ月毎）,コラボス＋リペイント,✅,Cùng dataset
213860614,施工店分析,ユニット（コラボス）,ユニット,コラボス＋リペイント,1137777881,商談未確定率（3ヶ月毎）,コラボス＋リペイント,✅,Cùng dataset
213860614,施工店分析,営業担当（コラボス）,営業担当（文字化け修正）,コラボス＋リペイント,1137777881,商談未確定率（3ヶ月毎）,コラボス＋リペイント,✅,Cùng dataset
213860614,施工店分析,元請会社名,元請会社（DCMまとめ）,コラボス＋リペイント,1137777881,商談未確定率（3ヶ月毎）,コラボス＋リペイント,✅,Cùng dataset
213860614,施工店分析,施工店名（コラボス）,担当施工店,コラボス＋リペイント,1010684648,契約率_グラフ（見積提案日基準）,コラボス＋リペイント,✅,Cùng dataset
213860614,施工店分析,ユニット（コラボス）,ユニット,コラボス＋リペイント,1010684648,契約率_グラフ（見積提案日基準）,コラボス＋リペイント,✅,Cùng dataset
213860614,施工店分析,営業担当（コラボス）,営業担当（文字化け修正）,コラボス＋リペイント,1010684648,契約率_グラフ（見積提案日基準）,コラボス＋リペイント,✅,Cùng dataset
213860614,施工店分析,元請会社名,元請会社（DCMまとめ）,コラボス＋リペイント,1010684648,契約率_グラフ（見積提案日基準）,コラボス＋リペイント,✅,Cùng dataset
248150074,工場売上分析,チーム,APチーム名,ER_売上/受注_直近_PRD,228624032,ステータス別_工場・倉庫・施設出荷社数_年比較,ER_売上/受注_直近_PRD,✅,Cùng dataset
248150074,工場売上分析,現場名（工場案件）,現場名,ER_現場名入り売上実績,228624032,ステータス別_工場・倉庫・施設出荷社数_年比較,ER_売上/受注_直近_PRD,❌,Thiếu column
248150074,工場売上分析,担当者,AP担当者名,ER_売上/受注_直近_PRD,228624032,ステータス別_工場・倉庫・施設出荷社数_年比較,ER_売上/受注_直近_PRD,✅,Cùng dataset
248150074,工場売上分析,営業所,AP営業所名,ER_売上/受注_直近_PRD,228624032,ステータス別_工場・倉庫・施設出荷社数_年比較,ER_売上/受注_直近_PRD,✅,Cùng dataset
248150074,工場売上分析,売上時期,売上時期,ER_売上/受注_直近_PRD,228624032,ステータス別_工場・倉庫・施設出荷社数_年比較,ER_売上/受注_直近_PRD,✅,Cùng dataset
248150074,工場売上分析,チーム,APチーム名,ER_売上/受注_直近_PRD,674045266,商品別_工場・倉庫・施設出荷現場数,ER_売上/受注_直近_PRD,✅,Cùng dataset
248150074,工場売上分析,現場名（工場案件）,現場名,ER_現場名入り売上実績,674045266,商品別_工場・倉庫・施設出荷現場数,ER_売上/受注_直近_PRD,❌,Thiếu column
248150074,工場売上分析,担当者,AP担当者名,ER_売上/受注_直近_PRD,674045266,商品別_工場・倉庫・施設出荷現場数,ER_売上/受注_直近_PRD,✅,Cùng dataset
248150074,工場売上分析,営業所,AP営業所名,ER_売上/受注_直近_PRD,674045266,商品別_工場・倉庫・施設出荷現場数,ER_売上/受注_直近_PRD,✅,Cùng dataset
248150074,工場売上分析,売上時期,売上時期,ER_売上/受注_直近_PRD,674045266,商品別_工場・倉庫・施設出荷現場数,ER_売上/受注_直近_PRD,✅,Cùng dataset
248150074,工場売上分析,チーム,APチーム名,ER_売上/受注_直近_PRD,1924842861,ステータス別_工場・倉庫・施設売上,ER_売上/受注_直近_PRD,✅,Cùng dataset
248150074,工場売上分析,現場名（工場案件）,現場名,ER_現場名入り売上実績,1924842861,ステータス別_工場・倉庫・施設売上,ER_売上/受注_直近_PRD,❌,Thiếu column
248150074,工場売上分析,担当者,AP担当者名,ER_売上/受注_直近_PRD,1924842861,ステータス別_工場・倉庫・施設売上,ER_売上/受注_直近_PRD,✅,Cùng dataset
248150074,工場売上分析,営業所,AP営業所名,ER_売上/受注_直近_PRD,1924842861,ステータス別_工場・倉庫・施設売上,ER_売上/受注_直近_PRD,✅,Cùng dataset
248150074,工場売上分析,売上時期,売上時期,ER_売上/受注_直近_PRD,1924842861,ステータス別_工場・倉庫・施設売上,ER_売上/受注_直近_PRD,✅,Cùng dataset
248150074,工場売上分析,チーム,APチーム名,ER_売上/受注_直近_PRD,1341591185,商品別_工場・倉庫・施設出荷社数,ER_売上/受注_直近_PRD,✅,Cùng dataset
248150074,工場売上分析,現場名（工場案件）,現場名,ER_現場名入り売上実績,1341591185,商品別_工場・倉庫・施設出荷社数,ER_売上/受注_直近_PRD,❌,Thiếu column
248150074,工場売上分析,担当者,AP担当者名,ER_売上/受注_直近_PRD,1341591185,商品別_工場・倉庫・施設出荷社数,ER_売上/受注_直近_PRD,✅,Cùng dataset
248150074,工場売上分析,営業所,AP営業所名,ER_売上/受注_直近_PRD,1341591185,商品別_工場・倉庫・施設出荷社数,ER_売上/受注_直近_PRD,✅,Cùng dataset
248150074,工場売上分析,売上時期,売上時期,ER_売上/受注_直近_PRD,1341591185,商品別_工場・倉庫・施設出荷社数,ER_売上/受注_直近_PRD,✅,Cùng dataset
248150074,工場売上分析,チーム,APチーム名,ER_売上/受注_直近_PRD,572002633,ステータス別_工場・倉庫・施設出荷現場数,ER_売上/受注_直近_PRD,✅,Cùng dataset
248150074,工場売上分析,現場名（工場案件）,現場名,ER_現場名入り売上実績,572002633,ステータス別_工場・倉庫・施設出荷現場数,ER_売上/受注_直近_PRD,❌,Thiếu column
248150074,工場売上分析,担当者,AP担当者名,ER_売上/受注_直近_PRD,572002633,ステータス別_工場・倉庫・施設出荷現場数,ER_売上/受注_直近_PRD,✅,Cùng dataset
248150074,工場売上分析,営業所,AP営業所名,ER_売上/受注_直近_PRD,572002633,ステータス別_工場・倉庫・施設出荷現場数,ER_売上/受注_直近_PRD,✅,Cùng dataset
248150074,工場売上分析,売上時期,売上時期,ER_売上/受注_直近_PRD,572002633,ステータス別_工場・倉庫・施設出荷現場数,ER_売上/受注_直近_PRD,✅,Cùng dataset
248150074,工場売上分析,チーム,APチーム名,ER_売上/受注_直近_PRD,1017947390,月別_工場・倉庫・施設出荷社数,【大型出荷有無用】ER_売上/受注_直近_PRD,✅,Có column
248150074,工場売上分析,現場名（工場案件）,現場名,ER_現場名入り売上実績,1017947390,月別_工場・倉庫・施設出荷社数,【大型出荷有無用】ER_売上/受注_直近_PRD,❌,Thiếu column
248150074,工場売上分析,担当者,AP担当者名,ER_売上/受注_直近_PRD,1017947390,月別_工場・倉庫・施設出荷社数,【大型出荷有無用】ER_売上/受注_直近_PRD,✅,Có column
248150074,工場売上分析,営業所,AP営業所名,ER_売上/受注_直近_PRD,1017947390,月別_工場・倉庫・施設出荷社数,【大型出荷有無用】ER_売上/受注_直近_PRD,✅,Có column
248150074,工場売上分析,売上時期,売上時期,ER_売上/受注_直近_PRD,1017947390,月別_工場・倉庫・施設出荷社数,【大型出荷有無用】ER_売上/受注_直近_PRD,✅,Có column
248150074,工場売上分析,チーム,APチーム名,ER_売上/受注_直近_PRD,571321567,ステータス別_工場・倉庫・施設出荷_平均単価_年比較,ER_売上/受注_直近_PRD,✅,Cùng dataset
248150074,工場売上分析,現場名（工場案件）,現場名,ER_現場名入り売上実績,571321567,ステータス別_工場・倉庫・施設出荷_平均単価_年比較,ER_売上/受注_直近_PRD,❌,Thiếu column
248150074,工場売上分析,担当者,AP担当者名,ER_売上/受注_直近_PRD,571321567,ステータス別_工場・倉庫・施設出荷_平均単価_年比較,ER_売上/受注_直近_PRD,✅,Cùng dataset
248150074,工場売上分析,営業所,AP営業所名,ER_売上/受注_直近_PRD,571321567,ステータス別_工場・倉庫・施設出荷_平均単価_年比較,ER_売上/受注_直近_PRD,✅,Cùng dataset
248150074,工場売上分析,売上時期,売上時期,ER_売上/受注_直近_PRD,571321567,ステータス別_工場・倉庫・施設出荷_平均単価_年比較,ER_売上/受注_直近_PRD,✅,Cùng dataset
248150074,工場売上分析,チーム,APチーム名,ER_売上/受注_直近_PRD,1643529095,工場案件一覧,ER_現場名入り売上実績,✅,Có column
248150074,工場売上分析,現場名（工場案件）,現場名,ER_現場名入り売上実績,1643529095,工場案件一覧,ER_現場名入り売上実績,✅,Cùng dataset
248150074,工場売上分析,担当者,AP担当者名,ER_売上/受注_直近_PRD,1643529095,工場案件一覧,ER_現場名入り売上実績,✅,Có column
248150074,工場売上分析,営業所,AP営業所名,ER_売上/受注_直近_PRD,1643529095,工場案件一覧,ER_現場名入り売上実績,✅,Có column
248150074,工場売上分析,売上時期,売上時期,ER_売上/受注_直近_PRD,1643529095,工場案件一覧,ER_現場名入り売上実績,❌,Thiếu column
248150074,工場売上分析,チーム,APチーム名,ER_売上/受注_直近_PRD,1712590684,ステータス別_工場・倉庫・施設売上_年比較,ER_売上/受注_直近_PRD,✅,Cùng dataset
248150074,工場売上分析,現場名（工場案件）,現場名,ER_現場名入り売上実績,1712590684,ステータス別_工場・倉庫・施設売上_年比較,ER_売上/受注_直近_PRD,❌,Thiếu column
248150074,工場売上分析,担当者,AP担当者名,ER_売上/受注_直近_PRD,1712590684,ステータス別_工場・倉庫・施設売上_年比較,ER_売上/受注_直近_PRD,✅,Cùng dataset
248150074,工場売上分析,営業所,AP営業所名,ER_売上/受注_直近_PRD,1712590684,ステータス別_工場・倉庫・施設売上_年比較,ER_売上/受注_直近_PRD,✅,Cùng dataset
248150074,工場売上分析,売上時期,売上時期,ER_売上/受注_直近_PRD,1712590684,ステータス別_工場・倉庫・施設売上_年比較,ER_売上/受注_直近_PRD,✅,Cùng dataset
248150074,工場売上分析,チーム,APチーム名,ER_売上/受注_直近_PRD,335358071,ステータス別_工場・倉庫・施設出荷現場数_年比較,ER_売上/受注_直近_PRD,✅,Cùng dataset
248150074,工場売上分析,現場名（工場案件）,現場名,ER_現場名入り売上実績,335358071,ステータス別_工場・倉庫・施設出荷現場数_年比較,ER_売上/受注_直近_PRD,❌,Thiếu column
248150074,工場売上分析,担当者,AP担当者名,ER_売上/受注_直近_PRD,335358071,ステータス別_工場・倉庫・施設出荷現場数_年比較,ER_売上/受注_直近_PRD,✅,Cùng dataset
248150074,工場売上分析,営業所,AP営業所名,ER_売上/受注_直近_PRD,335358071,ステータス別_工場・倉庫・施設出荷現場数_年比較,ER_売上/受注_直近_PRD,✅,Cùng dataset
248150074,工場売上分析,売上時期,売上時期,ER_売上/受注_直近_PRD,335358071,ステータス別_工場・倉庫・施設出荷現場数_年比較,ER_売上/受注_直近_PRD,✅,Cùng dataset
248150074,工場売上分析,チーム,APチーム名,ER_売上/受注_直近_PRD,988661802,商品別_工場・倉庫・施設出荷_平均単価,ER_売上/受注_直近_PRD,✅,Cùng dataset
248150074,工場売上分析,現場名（工場案件）,現場名,ER_現場名入り売上実績,988661802,商品別_工場・倉庫・施設出荷_平均単価,ER_売上/受注_直近_PRD,❌,Thiếu column
248150074,工場売上分析,担当者,AP担当者名,ER_売上/受注_直近_PRD,988661802,商品別_工場・倉庫・施設出荷_平均単価,ER_売上/受注_直近_PRD,✅,Cùng dataset
248150074,工場売上分析,営業所,AP営業所名,ER_売上/受注_直近_PRD,988661802,商品別_工場・倉庫・施設出荷_平均単価,ER_売上/受注_直近_PRD,✅,Cùng dataset
248150074,工場売上分析,売上時期,売上時期,ER_売上/受注_直近_PRD,988661802,商品別_工場・倉庫・施設出荷_平均単価,ER_売上/受注_直近_PRD,✅,Cùng dataset
248150074,工場売上分析,チーム,APチーム名,ER_売上/受注_直近_PRD,1734810736,出荷済社数_工場・施設,【大型出荷有無用】ER_売上/受注_直近_PRD,✅,Có column
248150074,工場売上分析,現場名（工場案件）,現場名,ER_現場名入り売上実績,1734810736,出荷済社数_工場・施設,【大型出荷有無用】ER_売上/受注_直近_PRD,❌,Thiếu column
248150074,工場売上分析,担当者,AP担当者名,ER_売上/受注_直近_PRD,1734810736,出荷済社数_工場・施設,【大型出荷有無用】ER_売上/受注_直近_PRD,✅,Có column
248150074,工場売上分析,営業所,AP営業所名,ER_売上/受注_直近_PRD,1734810736,出荷済社数_工場・施設,【大型出荷有無用】ER_売上/受注_直近_PRD,✅,Có column
248150074,工場売上分析,売上時期,売上時期,ER_売上/受注_直近_PRD,1734810736,出荷済社数_工場・施設,【大型出荷有無用】ER_売上/受注_直近_PRD,✅,Có column
248150074,工場売上分析,チーム,APチーム名,ER_売上/受注_直近_PRD,1491562448,ステータス別_工場・倉庫・施設出荷_平均単価,ER_売上/受注_直近_PRD,✅,Cùng dataset
248150074,工場売上分析,現場名（工場案件）,現場名,ER_現場名入り売上実績,1491562448,ステータス別_工場・倉庫・施設出荷_平均単価,ER_売上/受注_直近_PRD,❌,Thiếu column
248150074,工場売上分析,担当者,AP担当者名,ER_売上/受注_直近_PRD,1491562448,ステータス別_工場・倉庫・施設出荷_平均単価,ER_売上/受注_直近_PRD,✅,Cùng dataset
248150074,工場売上分析,営業所,AP営業所名,ER_売上/受注_直近_PRD,1491562448,ステータス別_工場・倉庫・施設出荷_平均単価,ER_売上/受注_直近_PRD,✅,Cùng dataset
248150074,工場売上分析,売上時期,売上時期,ER_売上/受注_直近_PRD,1491562448,ステータス別_工場・倉庫・施設出荷_平均単価,ER_売上/受注_直近_PRD,✅,Cùng dataset
248150074,工場売上分析,チーム,APチーム名,ER_売上/受注_直近_PRD,647931224,材料別_工場・倉庫・施設売上,ER_売上/受注_直近_PRD,✅,Cùng dataset
248150074,工場売上分析,現場名（工場案件）,現場名,ER_現場名入り売上実績,647931224,材料別_工場・倉庫・施設売上,ER_売上/受注_直近_PRD,❌,Thiếu column
248150074,工場売上分析,担当者,AP担当者名,ER_売上/受注_直近_PRD,647931224,材料別_工場・倉庫・施設売上,ER_売上/受注_直近_PRD,✅,Cùng dataset
248150074,工場売上分析,営業所,AP営業所名,ER_売上/受注_直近_PRD,647931224,材料別_工場・倉庫・施設売上,ER_売上/受注_直近_PRD,✅,Cùng dataset
248150074,工場売上分析,売上時期,売上時期,ER_売上/受注_直近_PRD,647931224,材料別_工場・倉庫・施設売上,ER_売上/受注_直近_PRD,✅,Cùng dataset
836254252,物件種別修正用,コーナン（加盟金なし）,コーナン（加盟金なし）名,ER_現場名入り売上実績,916494563,ERAWAN_物件種別(すべて),ER_現場名入り売上実績,✅,Cùng dataset
836254252,物件種別修正用,施工店グループ（その他）,施工店グループ（その他）,ER_現場名入り売上実績,916494563,ERAWAN_物件種別(すべて),ER_現場名入り売上実績,✅,Cùng dataset
836254252,物件種別修正用,その他の詳細,"その他""の詳",ER_現場名入り売上実績,916494563,ERAWAN_物件種別(すべて),ER_現場名入り売上実績,✅,Cùng dataset
836254252,物件種別修正用,コーナン（加盟金あり）,コーナン（加盟金あり）名,ER_現場名入り売上実績,916494563,ERAWAN_物件種別(すべて),ER_現場名入り売上実績,✅,Cùng dataset
836254252,物件種別修正用,コーナン（加盟金なし）,コーナン（加盟金なし）名,ER_現場名入り売上実績,936888329,物件種別修正用一覧_コラボス,コラボス＋リペイント,❌,Thiếu column
836254252,物件種別修正用,施工店グループ（その他）,施工店グループ（その他）,ER_現場名入り売上実績,936888329,物件種別修正用一覧_コラボス,コラボス＋リペイント,❌,Thiếu column
836254252,物件種別修正用,その他の詳細,"その他""の詳",ER_現場名入り売上実績,936888329,物件種別修正用一覧_コラボス,コラボス＋リペイント,❌,Thiếu column
836254252,物件種別修正用,コーナン（加盟金あり）,コーナン（加盟金あり）名,ER_現場名入り売上実績,936888329,物件種別修正用一覧_コラボス,コラボス＋リペイント,❌,Thiếu column
836254252,物件種別修正用,コーナン（加盟金なし）,コーナン（加盟金なし）名,ER_現場名入り売上実績,1675340749,物件種別修正用一覧_ERAWAN,ER_現場名入り売上実績,✅,Cùng dataset
836254252,物件種別修正用,施工店グループ（その他）,施工店グループ（その他）,ER_現場名入り売上実績,1675340749,物件種別修正用一覧_ERAWAN,ER_現場名入り売上実績,✅,Cùng dataset
836254252,物件種別修正用,その他の詳細,"その他""の詳",ER_現場名入り売上実績,1675340749,物件種別修正用一覧_ERAWAN,ER_現場名入り売上実績,✅,Cùng dataset
836254252,物件種別修正用,コーナン（加盟金あり）,コーナン（加盟金あり）名,ER_現場名入り売上実績,1675340749,物件種別修正用一覧_ERAWAN,ER_現場名入り売上実績,✅,Cùng dataset
929628649,完工予測,元請会社名（コラボス）,元請会社(表示修正),コラボス＋リペイント,430670634,前期 完工粗利進捗（完工・未完工集計）,コラボス＋リペイント（日別集計）,✅,Có column
929628649,完工予測,ユニット（コラボス）,ユニット,コラボス＋リペイント,430670634,前期 完工粗利進捗（完工・未完工集計）,コラボス＋リペイント（日別集計）,❌,Thiếu column
929628649,完工予測,営業担当（コラボス）,営業担当（文字化け修正）,コラボス＋リペイント,430670634,前期 完工粗利進捗（完工・未完工集計）,コラボス＋リペイント（日別集計）,✅,Có column
929628649,完工予測,元請会社名（コラボス）,元請会社(表示修正),コラボス＋リペイント,917263084,契約予定物件一覧（※フィルタはかかりません）,コラボス＋リペイント,✅,Cùng dataset
929628649,完工予測,ユニット（コラボス）,ユニット,コラボス＋リペイント,917263084,契約予定物件一覧（※フィルタはかかりません）,コラボス＋リペイント,✅,Cùng dataset
929628649,完工予測,営業担当（コラボス）,営業担当（文字化け修正）,コラボス＋リペイント,917263084,契約予定物件一覧（※フィルタはかかりません）,コラボス＋リペイント,✅,Cùng dataset
929628649,完工予測,元請会社名（コラボス）,元請会社(表示修正),コラボス＋リペイント,67574147,今期 平均工事粗利,コラボス＋リペイント,✅,Cùng dataset
929628649,完工予測,ユニット（コラボス）,ユニット,コラボス＋リペイント,67574147,今期 平均工事粗利,コラボス＋リペイント,✅,Cùng dataset
929628649,完工予測,営業担当（コラボス）,営業担当（文字化け修正）,コラボス＋リペイント,67574147,今期 平均工事粗利,コラボス＋リペイント,✅,Cùng dataset
929628649,完工予測,元請会社名（コラボス）,元請会社(表示修正),コラボス＋リペイント,761208411,坂本あテスト＿  完工粗利進捗（完工・未完工集計）,コラボス＋リペイント（日別集計）,✅,Có column
929628649,完工予測,ユニット（コラボス）,ユニット,コラボス＋リペイント,761208411,坂本あテスト＿  完工粗利進捗（完工・未完工集計）,コラボス＋リペイント（日別集計）,❌,Thiếu column
929628649,完工予測,営業担当（コラボス）,営業担当（文字化け修正）,コラボス＋リペイント,761208411,坂本あテスト＿  完工粗利進捗（完工・未完工集計）,コラボス＋リペイント（日別集計）,✅,Có column
929628649,完工予測,元請会社名（コラボス）,元請会社(表示修正),コラボス＋リペイント,958787017,前期 平均工事粗利,コラボス＋リペイント,✅,Cùng dataset
929628649,完工予測,ユニット（コラボス）,ユニット,コラボス＋リペイント,958787017,前期 平均工事粗利,コラボス＋リペイント,✅,Cùng dataset
929628649,完工予測,営業担当（コラボス）,営業担当（文字化け修正）,コラボス＋リペイント,958787017,前期 平均工事粗利,コラボス＋リペイント,✅,Cùng dataset
929628649,完工予測,元請会社名（コラボス）,元請会社(表示修正),コラボス＋リペイント,1175704747,月別実績集計表（昨対比較含む）,コラボス＋リペイント（日別集計）,✅,Có column
929628649,完工予測,ユニット（コラボス）,ユニット,コラボス＋リペイント,1175704747,月別実績集計表（昨対比較含む）,コラボス＋リペイント（日別集計）,❌,Thiếu column
929628649,完工予測,営業担当（コラボス）,営業担当（文字化け修正）,コラボス＋リペイント,1175704747,月別実績集計表（昨対比較含む）,コラボス＋リペイント（日別集計）,✅,Có column
929628649,完工予測,元請会社名（コラボス）,元請会社(表示修正),コラボス＋リペイント,800198233,前期 数字進捗集計（案件・見積・契約）,コラボス＋リペイント（日別集計）,✅,Có column
929628649,完工予測,ユニット（コラボス）,ユニット,コラボス＋リペイント,800198233,前期 数字進捗集計（案件・見積・契約）,コラボス＋リペイント（日別集計）,❌,Thiếu column
929628649,完工予測,営業担当（コラボス）,営業担当（文字化け修正）,コラボス＋リペイント,800198233,前期 数字進捗集計（案件・見積・契約）,コラボス＋リペイント（日別集計）,✅,Có column
929628649,完工予測,元請会社名（コラボス）,元請会社(表示修正),コラボス＋リペイント,1962254929,工事粗利進捗（完工：確定分、未完工：完了予定日で集計）,コラボス＋リペイント,✅,Cùng dataset
929628649,完工予測,ユニット（コラボス）,ユニット,コラボス＋リペイント,1962254929,工事粗利進捗（完工：確定分、未完工：完了予定日で集計）,コラボス＋リペイント,✅,Cùng dataset
929628649,完工予測,営業担当（コラボス）,営業担当（文字化け修正）,コラボス＋リペイント,1962254929,工事粗利進捗（完工：確定分、未完工：完了予定日で集計）,コラボス＋リペイント,✅,Cùng dataset
929628649,完工予測,元請会社名（コラボス）,元請会社(表示修正),コラボス＋リペイント,476260492,完工粗利進捗（完工・未完工集計）,コラボス＋リペイント（日別集計）,✅,Có column
929628649,完工予測,ユニット（コラボス）,ユニット,コラボス＋リペイント,476260492,完工粗利進捗（完工・未完工集計）,コラボス＋リペイント（日別集計）,❌,Thiếu column
929628649,完工予測,営業担当（コラボス）,営業担当（文字化け修正）,コラボス＋リペイント,476260492,完工粗利進捗（完工・未完工集計）,コラボス＋リペイント（日別集計）,✅,Có column
929628649,完工予測,元請会社名（コラボス）,元請会社(表示修正),コラボス＋リペイント,1183799360,前期 月別実績集計表（昨対比較含む),コラボス＋リペイント（日別集計）,✅,Có column
929628649,完工予測,ユニット（コラボス）,ユニット,コラボス＋リペイント,1183799360,前期 月別実績集計表（昨対比較含む),コラボス＋リペイント（日別集計）,❌,Thiếu column
929628649,完工予測,営業担当（コラボス）,営業担当（文字化け修正）,コラボス＋リペイント,1183799360,前期 月別実績集計表（昨対比較含む),コラボス＋リペイント（日別集計）,✅,Có column
929628649,完工予測,元請会社名（コラボス）,元請会社(表示修正),コラボス＋リペイント,1518625291,前期 平均契約金額,コラボス＋リペイント,✅,Cùng dataset
929628649,完工予測,ユニット（コラボス）,ユニット,コラボス＋リペイント,1518625291,前期 平均契約金額,コラボス＋リペイント,✅,Cùng dataset
929628649,完工予測,営業担当（コラボス）,営業担当（文字化け修正）,コラボス＋リペイント,1518625291,前期 平均契約金額,コラボス＋リペイント,✅,Cùng dataset
929628649,完工予測,元請会社名（コラボス）,元請会社(表示修正),コラボス＋リペイント,255857016,完工物件一覧（完工確認済み、支払い基準日入力物件）,コラボス＋リペイント,✅,Cùng dataset
929628649,完工予測,ユニット（コラボス）,ユニット,コラボス＋リペイント,255857016,完工物件一覧（完工確認済み、支払い基準日入力物件）,コラボス＋リペイント,✅,Cùng dataset
929628649,完工予測,営業担当（コラボス）,営業担当（文字化け修正）,コラボス＋リペイント,255857016,完工物件一覧（完工確認済み、支払い基準日入力物件）,コラボス＋リペイント,✅,Cùng dataset
929628649,完工予測,元請会社名（コラボス）,元請会社(表示修正),コラボス＋リペイント,2071676063,未完工物件一覧（工事完了予定日で抽出）,コラボス＋リペイント,✅,Cùng dataset
929628649,完工予測,ユニット（コラボス）,ユニット,コラボス＋リペイント,2071676063,未完工物件一覧（工事完了予定日で抽出）,コラボス＋リペイント,✅,Cùng dataset
929628649,完工予測,営業担当（コラボス）,営業担当（文字化け修正）,コラボス＋リペイント,2071676063,未完工物件一覧（工事完了予定日で抽出）,コラボス＋リペイント,✅,Cùng dataset
929628649,完工予測,元請会社名（コラボス）,元請会社(表示修正),コラボス＋リペイント,203300921,数字進捗集計（案件・見積・契約）,コラボス＋リペイント（日別集計）,✅,Có column
929628649,完工予測,ユニット（コラボス）,ユニット,コラボス＋リペイント,203300921,数字進捗集計（案件・見積・契約）,コラボス＋リペイント（日別集計）,❌,Thiếu column
929628649,完工予測,営業担当（コラボス）,営業担当（文字化け修正）,コラボス＋リペイント,203300921,数字進捗集計（案件・見積・契約）,コラボス＋リペイント（日別集計）,✅,Có column
929628649,完工予測,元請会社名（コラボス）,元請会社(表示修正),コラボス＋リペイント,1584937308,今期 平均契約金額,コラボス＋リペイント,✅,Cùng dataset
929628649,完工予測,ユニット（コラボス）,ユニット,コラボス＋リペイント,1584937308,今期 平均契約金額,コラボス＋リペイント,✅,Cùng dataset
929628649,完工予測,営業担当（コラボス）,営業担当（文字化け修正）,コラボス＋リペイント,1584937308,今期 平均契約金額,コラボス＋リペイント,✅,Cùng dataset
929628649,完工予測,元請会社名（コラボス）,元請会社(表示修正),コラボス＋リペイント,1918456637,プロテック手数料予実（完工粗利予測）,コラボス＋リペイント,✅,Cùng dataset
929628649,完工予測,ユニット（コラボス）,ユニット,コラボス＋リペイント,1918456637,プロテック手数料予実（完工粗利予測）,コラボス＋リペイント,✅,Cùng dataset
929628649,完工予測,営業担当（コラボス）,営業担当（文字化け修正）,コラボス＋リペイント,1918456637,プロテック手数料予実（完工粗利予測）,コラボス＋リペイント,✅,Cùng dataset
1134665337,プロテック案件実績,ユニット（コラボス）,ユニット,コラボス＋リペイント,691225406,島忠_累計新規案件数,コラボス＋リペイント,✅,Cùng dataset
1134665337,プロテック案件実績,元請会社名（コラボス）,元請会社(表示修正),コラボス＋リペイント,691225406,島忠_累計新規案件数,コラボス＋リペイント,✅,Cùng dataset
1134665337,プロテック案件実績,営業担当（コラボス）,営業担当（文字化け修正）,コラボス＋リペイント,691225406,島忠_累計新規案件数,コラボス＋リペイント,✅,Cùng dataset
1134665337,プロテック案件実績,ユニット（コラボス）,ユニット,コラボス＋リペイント,491639767,DCM_累計新規案件数,コラボス＋リペイント,✅,Cùng dataset
1134665337,プロテック案件実績,元請会社名（コラボス）,元請会社(表示修正),コラボス＋リペイント,491639767,DCM_累計新規案件数,コラボス＋リペイント,✅,Cùng dataset
1134665337,プロテック案件実績,営業担当（コラボス）,営業担当（文字化け修正）,コラボス＋リペイント,491639767,DCM_累計新規案件数,コラボス＋リペイント,✅,Cùng dataset
1134665337,プロテック案件実績,ユニット（コラボス）,ユニット,コラボス＋リペイント,400199465,週次_DCM新規案件数（コラボス）,コラボス＋リペイント,✅,Cùng dataset
1134665337,プロテック案件実績,元請会社名（コラボス）,元請会社(表示修正),コラボス＋リペイント,400199465,週次_DCM新規案件数（コラボス）,コラボス＋リペイント,✅,Cùng dataset
1134665337,プロテック案件実績,営業担当（コラボス）,営業担当（文字化け修正）,コラボス＋リペイント,400199465,週次_DCM新規案件数（コラボス）,コラボス＋リペイント,✅,Cùng dataset
1134665337,プロテック案件実績,ユニット（コラボス）,ユニット,コラボス＋リペイント,382663062,週次_一建設新規案件数（コラボス）,コラボス＋リペイント,✅,Cùng dataset
1134665337,プロテック案件実績,元請会社名（コラボス）,元請会社(表示修正),コラボス＋リペイント,382663062,週次_一建設新規案件数（コラボス）,コラボス＋リペイント,✅,Cùng dataset
1134665337,プロテック案件実績,営業担当（コラボス）,営業担当（文字化け修正）,コラボス＋リペイント,382663062,週次_一建設新規案件数（コラボス）,コラボス＋リペイント,✅,Cùng dataset
1134665337,プロテック案件実績,ユニット（コラボス）,ユニット,コラボス＋リペイント,1234487589,一建設_累計新規案件数,コラボス＋リペイント,✅,Cùng dataset
1134665337,プロテック案件実績,元請会社名（コラボス）,元請会社(表示修正),コラボス＋リペイント,1234487589,一建設_累計新規案件数,コラボス＋リペイント,✅,Cùng dataset
1134665337,プロテック案件実績,営業担当（コラボス）,営業担当（文字化け修正）,コラボス＋リペイント,1234487589,一建設_累計新規案件数,コラボス＋リペイント,✅,Cùng dataset
1134665337,プロテック案件実績,ユニット（コラボス）,ユニット,コラボス＋リペイント,1252179431,コラボス_累計新規案件数,コラボス＋リペイント,✅,Cùng dataset
1134665337,プロテック案件実績,元請会社名（コラボス）,元請会社(表示修正),コラボス＋リペイント,1252179431,コラボス_累計新規案件数,コラボス＋リペイント,✅,Cùng dataset
1134665337,プロテック案件実績,営業担当（コラボス）,営業担当（文字化け修正）,コラボス＋リペイント,1252179431,コラボス_累計新規案件数,コラボス＋リペイント,✅,Cùng dataset
1134665337,プロテック案件実績,ユニット（コラボス）,ユニット,コラボス＋リペイント,1254719814,コーナン_累計新規案件数,コラボス＋リペイント,✅,Cùng dataset
1134665337,プロテック案件実績,元請会社名（コラボス）,元請会社(表示修正),コラボス＋リペイント,1254719814,コーナン_累計新規案件数,コラボス＋リペイント,✅,Cùng dataset
1134665337,プロテック案件実績,営業担当（コラボス）,営業担当（文字化け修正）,コラボス＋リペイント,1254719814,コーナン_累計新規案件数,コラボス＋リペイント,✅,Cùng dataset
1134665337,プロテック案件実績,ユニット（コラボス）,ユニット,コラボス＋リペイント,1094235989,関西電力_累計新規案件数,コラボス＋リペイント,✅,Cùng dataset
1134665337,プロテック案件実績,元請会社名（コラボス）,元請会社(表示修正),コラボス＋リペイント,1094235989,関西電力_累計新規案件数,コラボス＋リペイント,✅,Cùng dataset
1134665337,プロテック案件実績,営業担当（コラボス）,営業担当（文字化け修正）,コラボス＋リペイント,1094235989,関西電力_累計新規案件数,コラボス＋リペイント,✅,Cùng dataset
1134665337,プロテック案件実績,ユニット（コラボス）,ユニット,コラボス＋リペイント,431395086,週次_ヤマダデンキ新規案件数（コラボス）,コラボス＋リペイント,✅,Cùng dataset
1134665337,プロテック案件実績,元請会社名（コラボス）,元請会社(表示修正),コラボス＋リペイント,431395086,週次_ヤマダデンキ新規案件数（コラボス）,コラボス＋リペイント,✅,Cùng dataset
1134665337,プロテック案件実績,営業担当（コラボス）,営業担当（文字化け修正）,コラボス＋リペイント,431395086,週次_ヤマダデンキ新規案件数（コラボス）,コラボス＋リペイント,✅,Cùng dataset
1134665337,プロテック案件実績,ユニット（コラボス）,ユニット,コラボス＋リペイント,1560170550,ヤマダデンキ_累計新規案件数,コラボス＋リペイント,✅,Cùng dataset
1134665337,プロテック案件実績,元請会社名（コラボス）,元請会社(表示修正),コラボス＋リペイント,1560170550,ヤマダデンキ_累計新規案件数,コラボス＋リペイント,✅,Cùng dataset
1134665337,プロテック案件実績,営業担当（コラボス）,営業担当（文字化け修正）,コラボス＋リペイント,1560170550,ヤマダデンキ_累計新規案件数,コラボス＋リペイント,✅,Cùng dataset
1134665337,プロテック案件実績,ユニット（コラボス）,ユニット,コラボス＋リペイント,620429819,週次_コーナン新規案件数（コラボス）,コラボス＋リペイント,✅,Cùng dataset
1134665337,プロテック案件実績,元請会社名（コラボス）,元請会社(表示修正),コラボス＋リペイント,620429819,週次_コーナン新規案件数（コラボス）,コラボス＋リペイント,✅,Cùng dataset
1134665337,プロテック案件実績,営業担当（コラボス）,営業担当（文字化け修正）,コラボス＋リペイント,620429819,週次_コーナン新規案件数（コラボス）,コラボス＋リペイント,✅,Cùng dataset
1134665337,プロテック案件実績,ユニット（コラボス）,ユニット,コラボス＋リペイント,2133931667,週次_新規案件数（コラボス）,コラボス＋リペイント,✅,Cùng dataset
1134665337,プロテック案件実績,元請会社名（コラボス）,元請会社(表示修正),コラボス＋リペイント,2133931667,週次_新規案件数（コラボス）,コラボス＋リペイント,✅,Cùng dataset
1134665337,プロテック案件実績,営業担当（コラボス）,営業担当（文字化け修正）,コラボス＋リペイント,2133931667,週次_新規案件数（コラボス）,コラボス＋リペイント,✅,Cùng dataset
1134665337,プロテック案件実績,ユニット（コラボス）,ユニット,コラボス＋リペイント,2060477552,週次_アイリスプラザ新規案件数（コラボス）,コラボス＋リペイント,✅,Cùng dataset
1134665337,プロテック案件実績,元請会社名（コラボス）,元請会社(表示修正),コラボス＋リペイント,2060477552,週次_アイリスプラザ新規案件数（コラボス）,コラボス＋リペイント,✅,Cùng dataset
1134665337,プロテック案件実績,営業担当（コラボス）,営業担当（文字化け修正）,コラボス＋リペイント,2060477552,週次_アイリスプラザ新規案件数（コラボス）,コラボス＋リペイント,✅,Cùng dataset
1134665337,プロテック案件実績,ユニット（コラボス）,ユニット,コラボス＋リペイント,1517610841,コラボス_元請け別新規案件数,コラボス＋リペイント,✅,Cùng dataset
1134665337,プロテック案件実績,元請会社名（コラボス）,元請会社(表示修正),コラボス＋リペイント,1517610841,コラボス_元請け別新規案件数,コラボス＋リペイント,✅,Cùng dataset
1134665337,プロテック案件実績,営業担当（コラボス）,営業担当（文字化け修正）,コラボス＋リペイント,1517610841,コラボス_元請け別新規案件数,コラボス＋リペイント,✅,Cùng dataset
1134665337,プロテック案件実績,ユニット（コラボス）,ユニット,コラボス＋リペイント,131473852,コラボス_元請会社別新規案件数（昨対比）.,コラボス＋リペイント（昨対集計用）,❌,Thiếu column
1134665337,プロテック案件実績,元請会社名（コラボス）,元請会社(表示修正),コラボス＋リペイント,131473852,コラボス_元請会社別新規案件数（昨対比）.,コラボス＋リペイント（昨対集計用）,❌,Thiếu column
1134665337,プロテック案件実績,営業担当（コラボス）,営業担当（文字化け修正）,コラボス＋リペイント,131473852,コラボス_元請会社別新規案件数（昨対比）.,コラボス＋リペイント（昨対集計用）,❌,Thiếu column
1134665337,プロテック案件実績,ユニット（コラボス）,ユニット,コラボス＋リペイント,222570016,月次_新規案件数（コラボス）,コラボス＋リペイント,✅,Cùng dataset
1134665337,プロテック案件実績,元請会社名（コラボス）,元請会社(表示修正),コラボス＋リペイント,222570016,月次_新規案件数（コラボス）,コラボス＋リペイント,✅,Cùng dataset
1134665337,プロテック案件実績,営業担当（コラボス）,営業担当（文字化け修正）,コラボス＋リペイント,222570016,月次_新規案件数（コラボス）,コラボス＋リペイント,✅,Cùng dataset
1134665337,プロテック案件実績,ユニット（コラボス）,ユニット,コラボス＋リペイント,25999181,アイリスプラザ_累計新規案件数,コラボス＋リペイント,✅,Cùng dataset
1134665337,プロテック案件実績,元請会社名（コラボス）,元請会社(表示修正),コラボス＋リペイント,25999181,アイリスプラザ_累計新規案件数,コラボス＋リペイント,✅,Cùng dataset
1134665337,プロテック案件実績,営業担当（コラボス）,営業担当（文字化け修正）,コラボス＋リペイント,25999181,アイリスプラザ_累計新規案件数,コラボス＋リペイント,✅,Cùng dataset
1134665337,プロテック案件実績,ユニット（コラボス）,ユニット,コラボス＋リペイント,1039323943,案件一覧,コラボス＋リペイント,✅,Cùng dataset
1134665337,プロテック案件実績,元請会社名（コラボス）,元請会社(表示修正),コラボス＋リペイント,1039323943,案件一覧,コラボス＋リペイント,✅,Cùng dataset
1134665337,プロテック案件実績,営業担当（コラボス）,営業担当（文字化け修正）,コラボス＋リペイント,1039323943,案件一覧,コラボス＋リペイント,✅,Cùng dataset
1134665337,プロテック案件実績,ユニット（コラボス）,ユニット,コラボス＋リペイント,1322336018,週次_島忠新規案件数（コラボス）,コラボス＋リペイント,✅,Cùng dataset
1134665337,プロテック案件実績,元請会社名（コラボス）,元請会社(表示修正),コラボス＋リペイント,1322336018,週次_島忠新規案件数（コラボス）,コラボス＋リペイント,✅,Cùng dataset
1134665337,プロテック案件実績,営業担当（コラボス）,営業担当（文字化け修正）,コラボス＋リペイント,1322336018,週次_島忠新規案件数（コラボス）,コラボス＋リペイント,✅,Cùng dataset
1134665337,プロテック案件実績,ユニット（コラボス）,ユニット,コラボス＋リペイント,1483605998,週次_関西電力新規案件数（コラボス）,コラボス＋リペイント,✅,Cùng dataset
1134665337,プロテック案件実績,元請会社名（コラボス）,元請会社(表示修正),コラボス＋リペイント,1483605998,週次_関西電力新規案件数（コラボス）,コラボス＋リペイント,✅,Cùng dataset
1134665337,プロテック案件実績,営業担当（コラボス）,営業担当（文字化け修正）,コラボス＋リペイント,1483605998,週次_関西電力新規案件数（コラボス）,コラボス＋リペイント,✅,Cùng dataset
1206453601,アパマン売上分析,チーム,APチーム名,ER_売上/受注_直近_PRD,1228599687,商品別_アパマン出荷現場数,ER_売上/受注_直近_PRD,✅,Cùng dataset
1206453601,アパマン売上分析,売上時期,売上時期,ER_売上/受注_直近_PRD,1228599687,商品別_アパマン出荷現場数,ER_売上/受注_直近_PRD,✅,Cùng dataset
1206453601,アパマン売上分析,担当者,AP担当者名,ER_売上/受注_直近_PRD,1228599687,商品別_アパマン出荷現場数,ER_売上/受注_直近_PRD,✅,Cùng dataset
1206453601,アパマン売上分析,営業所,AP営業所名,ER_売上/受注_直近_PRD,1228599687,商品別_アパマン出荷現場数,ER_売上/受注_直近_PRD,✅,Cùng dataset
1206453601,アパマン売上分析,チーム,APチーム名,ER_売上/受注_直近_PRD,1037821389,月別_アパマン出荷社数,【大型出荷有無用】ER_売上/受注_直近_PRD,✅,Có column
1206453601,アパマン売上分析,売上時期,売上時期,ER_売上/受注_直近_PRD,1037821389,月別_アパマン出荷社数,【大型出荷有無用】ER_売上/受注_直近_PRD,✅,Có column
1206453601,アパマン売上分析,担当者,AP担当者名,ER_売上/受注_直近_PRD,1037821389,月別_アパマン出荷社数,【大型出荷有無用】ER_売上/受注_直近_PRD,✅,Có column
1206453601,アパマン売上分析,営業所,AP営業所名,ER_売上/受注_直近_PRD,1037821389,月別_アパマン出荷社数,【大型出荷有無用】ER_売上/受注_直近_PRD,✅,Có column
1206453601,アパマン売上分析,チーム,APチーム名,ER_売上/受注_直近_PRD,222412946,出荷済社数_アパマン,【大型出荷有無用】ER_売上/受注_直近_PRD,✅,Có column
1206453601,アパマン売上分析,売上時期,売上時期,ER_売上/受注_直近_PRD,222412946,出荷済社数_アパマン,【大型出荷有無用】ER_売上/受注_直近_PRD,✅,Có column
1206453601,アパマン売上分析,担当者,AP担当者名,ER_売上/受注_直近_PRD,222412946,出荷済社数_アパマン,【大型出荷有無用】ER_売上/受注_直近_PRD,✅,Có column
1206453601,アパマン売上分析,営業所,AP営業所名,ER_売上/受注_直近_PRD,222412946,出荷済社数_アパマン,【大型出荷有無用】ER_売上/受注_直近_PRD,✅,Có column
1206453601,アパマン売上分析,チーム,APチーム名,ER_売上/受注_直近_PRD,1098878064,ステータス別_アパマン出荷現場数,ER_売上/受注_直近_PRD,✅,Cùng dataset
1206453601,アパマン売上分析,売上時期,売上時期,ER_売上/受注_直近_PRD,1098878064,ステータス別_アパマン出荷現場数,ER_売上/受注_直近_PRD,✅,Cùng dataset
1206453601,アパマン売上分析,担当者,AP担当者名,ER_売上/受注_直近_PRD,1098878064,ステータス別_アパマン出荷現場数,ER_売上/受注_直近_PRD,✅,Cùng dataset
1206453601,アパマン売上分析,営業所,AP営業所名,ER_売上/受注_直近_PRD,1098878064,ステータス別_アパマン出荷現場数,ER_売上/受注_直近_PRD,✅,Cùng dataset
1206453601,アパマン売上分析,チーム,APチーム名,ER_売上/受注_直近_PRD,1653484524,ステータス別_アパマン出荷現場数_年比較,ER_売上/受注_直近_PRD,✅,Cùng dataset
1206453601,アパマン売上分析,売上時期,売上時期,ER_売上/受注_直近_PRD,1653484524,ステータス別_アパマン出荷現場数_年比較,ER_売上/受注_直近_PRD,✅,Cùng dataset
1206453601,アパマン売上分析,担当者,AP担当者名,ER_売上/受注_直近_PRD,1653484524,ステータス別_アパマン出荷現場数_年比較,ER_売上/受注_直近_PRD,✅,Cùng dataset
1206453601,アパマン売上分析,営業所,AP営業所名,ER_売上/受注_直近_PRD,1653484524,ステータス別_アパマン出荷現場数_年比較,ER_売上/受注_直近_PRD,✅,Cùng dataset
1206453601,アパマン売上分析,チーム,APチーム名,ER_売上/受注_直近_PRD,36646733,ステータス別_アパマン出荷_平均単価,ER_売上/受注_直近_PRD,✅,Cùng dataset
1206453601,アパマン売上分析,売上時期,売上時期,ER_売上/受注_直近_PRD,36646733,ステータス別_アパマン出荷_平均単価,ER_売上/受注_直近_PRD,✅,Cùng dataset
1206453601,アパマン売上分析,担当者,AP担当者名,ER_売上/受注_直近_PRD,36646733,ステータス別_アパマン出荷_平均単価,ER_売上/受注_直近_PRD,✅,Cùng dataset
1206453601,アパマン売上分析,営業所,AP営業所名,ER_売上/受注_直近_PRD,36646733,ステータス別_アパマン出荷_平均単価,ER_売上/受注_直近_PRD,✅,Cùng dataset
1206453601,アパマン売上分析,チーム,APチーム名,ER_売上/受注_直近_PRD,1538070797,ステータス別_アパマン売上,ER_売上/受注_直近_PRD,✅,Cùng dataset
1206453601,アパマン売上分析,売上時期,売上時期,ER_売上/受注_直近_PRD,1538070797,ステータス別_アパマン売上,ER_売上/受注_直近_PRD,✅,Cùng dataset
1206453601,アパマン売上分析,担当者,AP担当者名,ER_売上/受注_直近_PRD,1538070797,ステータス別_アパマン売上,ER_売上/受注_直近_PRD,✅,Cùng dataset
1206453601,アパマン売上分析,営業所,AP営業所名,ER_売上/受注_直近_PRD,1538070797,ステータス別_アパマン売上,ER_売上/受注_直近_PRD,✅,Cùng dataset
1206453601,アパマン売上分析,チーム,APチーム名,ER_売上/受注_直近_PRD,23606368,ステータス別_アパマン売上_年比較,ER_売上/受注_直近_PRD,✅,Cùng dataset
1206453601,アパマン売上分析,売上時期,売上時期,ER_売上/受注_直近_PRD,23606368,ステータス別_アパマン売上_年比較,ER_売上/受注_直近_PRD,✅,Cùng dataset
1206453601,アパマン売上分析,担当者,AP担当者名,ER_売上/受注_直近_PRD,23606368,ステータス別_アパマン売上_年比較,ER_売上/受注_直近_PRD,✅,Cùng dataset
1206453601,アパマン売上分析,営業所,AP営業所名,ER_売上/受注_直近_PRD,23606368,ステータス別_アパマン売上_年比較,ER_売上/受注_直近_PRD,✅,Cùng dataset
1206453601,アパマン売上分析,チーム,APチーム名,ER_売上/受注_直近_PRD,1200401997,材料別_アパマン売上,ER_売上/受注_直近_PRD,✅,Cùng dataset
1206453601,アパマン売上分析,売上時期,売上時期,ER_売上/受注_直近_PRD,1200401997,材料別_アパマン売上,ER_売上/受注_直近_PRD,✅,Cùng dataset
1206453601,アパマン売上分析,担当者,AP担当者名,ER_売上/受注_直近_PRD,1200401997,材料別_アパマン売上,ER_売上/受注_直近_PRD,✅,Cùng dataset
1206453601,アパマン売上分析,営業所,AP営業所名,ER_売上/受注_直近_PRD,1200401997,材料別_アパマン売上,ER_売上/受注_直近_PRD,✅,Cùng dataset
1206453601,アパマン売上分析,チーム,APチーム名,ER_売上/受注_直近_PRD,1515399157,ステータス別_アパマン出荷社数_年比較,ER_売上/受注_直近_PRD,✅,Cùng dataset
1206453601,アパマン売上分析,売上時期,売上時期,ER_売上/受注_直近_PRD,1515399157,ステータス別_アパマン出荷社数_年比較,ER_売上/受注_直近_PRD,✅,Cùng dataset
1206453601,アパマン売上分析,担当者,AP担当者名,ER_売上/受注_直近_PRD,1515399157,ステータス別_アパマン出荷社数_年比較,ER_売上/受注_直近_PRD,✅,Cùng dataset
1206453601,アパマン売上分析,営業所,AP営業所名,ER_売上/受注_直近_PRD,1515399157,ステータス別_アパマン出荷社数_年比較,ER_売上/受注_直近_PRD,✅,Cùng dataset
1206453601,アパマン売上分析,チーム,APチーム名,ER_売上/受注_直近_PRD,975517784,ステータス別_ アパマン 出荷_平均単価_年比較,ER_売上/受注_直近_PRD,✅,Cùng dataset
1206453601,アパマン売上分析,売上時期,売上時期,ER_売上/受注_直近_PRD,975517784,ステータス別_ アパマン 出荷_平均単価_年比較,ER_売上/受注_直近_PRD,✅,Cùng dataset
1206453601,アパマン売上分析,担当者,AP担当者名,ER_売上/受注_直近_PRD,975517784,ステータス別_ アパマン 出荷_平均単価_年比較,ER_売上/受注_直近_PRD,✅,Cùng dataset
1206453601,アパマン売上分析,営業所,AP営業所名,ER_売上/受注_直近_PRD,975517784,ステータス別_ アパマン 出荷_平均単価_年比較,ER_売上/受注_直近_PRD,✅,Cùng dataset
1206453601,アパマン売上分析,チーム,APチーム名,ER_売上/受注_直近_PRD,551221377,商品別_アパマン出荷社数,ER_売上/受注_直近_PRD,✅,Cùng dataset
1206453601,アパマン売上分析,売上時期,売上時期,ER_売上/受注_直近_PRD,551221377,商品別_アパマン出荷社数,ER_売上/受注_直近_PRD,✅,Cùng dataset
1206453601,アパマン売上分析,担当者,AP担当者名,ER_売上/受注_直近_PRD,551221377,商品別_アパマン出荷社数,ER_売上/受注_直近_PRD,✅,Cùng dataset
1206453601,アパマン売上分析,営業所,AP営業所名,ER_売上/受注_直近_PRD,551221377,商品別_アパマン出荷社数,ER_売上/受注_直近_PRD,✅,Cùng dataset
1206453601,アパマン売上分析,チーム,APチーム名,ER_売上/受注_直近_PRD,753260540,商品別_アパマン出荷_平均単価,ER_売上/受注_直近_PRD,✅,Cùng dataset
1206453601,アパマン売上分析,売上時期,売上時期,ER_売上/受注_直近_PRD,753260540,商品別_アパマン出荷_平均単価,ER_売上/受注_直近_PRD,✅,Cùng dataset
1206453601,アパマン売上分析,担当者,AP担当者名,ER_売上/受注_直近_PRD,753260540,商品別_アパマン出荷_平均単価,ER_売上/受注_直近_PRD,✅,Cùng dataset
1206453601,アパマン売上分析,営業所,AP営業所名,ER_売上/受注_直近_PRD,753260540,商品別_アパマン出荷_平均単価,ER_売上/受注_直近_PRD,✅,Cùng dataset
1281028522,商談未確定・郵送件数検索,元請会社名（コラボス）,元請会社(表示修正),コラボス＋リペイント,501835661,月別元請けごと郵送件数(前期),コラボス＋リペイント,✅,Cùng dataset
1281028522,商談未確定・郵送件数検索,施工店名（コラボス）,担当施工店,コラボス＋リペイント,501835661,月別元請けごと郵送件数(前期),コラボス＋リペイント,✅,Cùng dataset
1281028522,商談未確定・郵送件数検索,ユニット（コラボス）,ユニット,コラボス＋リペイント,501835661,月別元請けごと郵送件数(前期),コラボス＋リペイント,✅,Cùng dataset
1281028522,商談未確定・郵送件数検索,営業担当（コラボス）,営業担当（文字化け修正）,コラボス＋リペイント,501835661,月別元請けごと郵送件数(前期),コラボス＋リペイント,✅,Cùng dataset
1281028522,商談未確定・郵送件数検索,元請会社名（コラボス）,元請会社(表示修正),コラボス＋リペイント,745437269,その他元請別商談未確定件数(見積提案日基準),コラボス＋リペイント,✅,Cùng dataset
1281028522,商談未確定・郵送件数検索,施工店名（コラボス）,担当施工店,コラボス＋リペイント,745437269,その他元請別商談未確定件数(見積提案日基準),コラボス＋リペイント,✅,Cùng dataset
1281028522,商談未確定・郵送件数検索,ユニット（コラボス）,ユニット,コラボス＋リペイント,745437269,その他元請別商談未確定件数(見積提案日基準),コラボス＋リペイント,✅,Cùng dataset
1281028522,商談未確定・郵送件数検索,営業担当（コラボス）,営業担当（文字化け修正）,コラボス＋リペイント,745437269,その他元請別商談未確定件数(見積提案日基準),コラボス＋リペイント,✅,Cùng dataset
1281028522,商談未確定・郵送件数検索,元請会社名（コラボス）,元請会社(表示修正),コラボス＋リペイント,793217449,郵送未確定率(今月),コラボス＋リペイント,✅,Cùng dataset
1281028522,商談未確定・郵送件数検索,施工店名（コラボス）,担当施工店,コラボス＋リペイント,793217449,郵送未確定率(今月),コラボス＋リペイント,✅,Cùng dataset
1281028522,商談未確定・郵送件数検索,ユニット（コラボス）,ユニット,コラボス＋リペイント,793217449,郵送未確定率(今月),コラボス＋リペイント,✅,Cùng dataset
1281028522,商談未確定・郵送件数検索,営業担当（コラボス）,営業担当（文字化け修正）,コラボス＋リペイント,793217449,郵送未確定率(今月),コラボス＋リペイント,✅,Cùng dataset
1281028522,商談未確定・郵送件数検索,元請会社名（コラボス）,元請会社(表示修正),コラボス＋リペイント,1458968856,月別元請けごと商談未確定件数(今期),コラボス＋リペイント,✅,Cùng dataset
1281028522,商談未確定・郵送件数検索,施工店名（コラボス）,担当施工店,コラボス＋リペイント,1458968856,月別元請けごと商談未確定件数(今期),コラボス＋リペイント,✅,Cùng dataset
1281028522,商談未確定・郵送件数検索,ユニット（コラボス）,ユニット,コラボス＋リペイント,1458968856,月別元請けごと商談未確定件数(今期),コラボス＋リペイント,✅,Cùng dataset
1281028522,商談未確定・郵送件数検索,営業担当（コラボス）,営業担当（文字化け修正）,コラボス＋リペイント,1458968856,月別元請けごと商談未確定件数(今期),コラボス＋リペイント,✅,Cùng dataset
1281028522,商談未確定・郵送件数検索,元請会社名（コラボス）,元請会社(表示修正),コラボス＋リペイント,1851052092,商談未確定率(見積提案日基準),コラボス＋リペイント,✅,Cùng dataset
1281028522,商談未確定・郵送件数検索,施工店名（コラボス）,担当施工店,コラボス＋リペイント,1851052092,商談未確定率(見積提案日基準),コラボス＋リペイント,✅,Cùng dataset
1281028522,商談未確定・郵送件数検索,ユニット（コラボス）,ユニット,コラボス＋リペイント,1851052092,商談未確定率(見積提案日基準),コラボス＋リペイント,✅,Cùng dataset
1281028522,商談未確定・郵送件数検索,営業担当（コラボス）,営業担当（文字化け修正）,コラボス＋リペイント,1851052092,商談未確定率(見積提案日基準),コラボス＋リペイント,✅,Cùng dataset
1281028522,商談未確定・郵送件数検索,元請会社名（コラボス）,元請会社(表示修正),コラボス＋リペイント,849120903,郵送案件一覧(見積提案日基準),コラボス＋リペイント,✅,Cùng dataset
1281028522,商談未確定・郵送件数検索,施工店名（コラボス）,担当施工店,コラボス＋リペイント,849120903,郵送案件一覧(見積提案日基準),コラボス＋リペイント,✅,Cùng dataset
1281028522,商談未確定・郵送件数検索,ユニット（コラボス）,ユニット,コラボス＋リペイント,849120903,郵送案件一覧(見積提案日基準),コラボス＋リペイント,✅,Cùng dataset
1281028522,商談未確定・郵送件数検索,営業担当（コラボス）,営業担当（文字化け修正）,コラボス＋リペイント,849120903,郵送案件一覧(見積提案日基準),コラボス＋リペイント,✅,Cùng dataset
1281028522,商談未確定・郵送件数検索,元請会社名（コラボス）,元請会社(表示修正),コラボス＋リペイント,868287800,月別施工店ごと郵送件数(今期),コラボス＋リペイント,✅,Cùng dataset
1281028522,商談未確定・郵送件数検索,施工店名（コラボス）,担当施工店,コラボス＋リペイント,868287800,月別施工店ごと郵送件数(今期),コラボス＋リペイント,✅,Cùng dataset
1281028522,商談未確定・郵送件数検索,ユニット（コラボス）,ユニット,コラボス＋リペイント,868287800,月別施工店ごと郵送件数(今期),コラボス＋リペイント,✅,Cùng dataset
1281028522,商談未確定・郵送件数検索,営業担当（コラボス）,営業担当（文字化け修正）,コラボス＋リペイント,868287800,月別施工店ごと郵送件数(今期),コラボス＋リペイント,✅,Cùng dataset
1281028522,商談未確定・郵送件数検索,元請会社名（コラボス）,元請会社(表示修正),コラボス＋リペイント,375432919,注力元請別商談未確定件数(見積提案日基準),コラボス＋リペイント,✅,Cùng dataset
1281028522,商談未確定・郵送件数検索,施工店名（コラボス）,担当施工店,コラボス＋リペイント,375432919,注力元請別商談未確定件数(見積提案日基準),コラボス＋リペイント,✅,Cùng dataset
1281028522,商談未確定・郵送件数検索,ユニット（コラボス）,ユニット,コラボス＋リペイント,375432919,注力元請別商談未確定件数(見積提案日基準),コラボス＋リペイント,✅,Cùng dataset
1281028522,商談未確定・郵送件数検索,営業担当（コラボス）,営業担当（文字化け修正）,コラボス＋リペイント,375432919,注力元請別商談未確定件数(見積提案日基準),コラボス＋リペイント,✅,Cùng dataset
1281028522,商談未確定・郵送件数検索,元請会社名（コラボス）,元請会社(表示修正),コラボス＋リペイント,1274644734,月別施工店ごと郵送件数(前期),コラボス＋リペイント,✅,Cùng dataset
1281028522,商談未確定・郵送件数検索,施工店名（コラボス）,担当施工店,コラボス＋リペイント,1274644734,月別施工店ごと郵送件数(前期),コラボス＋リペイント,✅,Cùng dataset
1281028522,商談未確定・郵送件数検索,ユニット（コラボス）,ユニット,コラボス＋リペイント,1274644734,月別施工店ごと郵送件数(前期),コラボス＋リペイント,✅,Cùng dataset
1281028522,商談未確定・郵送件数検索,営業担当（コラボス）,営業担当（文字化け修正）,コラボス＋リペイント,1274644734,月別施工店ごと郵送件数(前期),コラボス＋リペイント,✅,Cùng dataset
1281028522,商談未確定・郵送件数検索,元請会社名（コラボス）,元請会社(表示修正),コラボス＋リペイント,1392125953,郵送合計件数(見積提案日基準),コラボス＋リペイント,✅,Cùng dataset
1281028522,商談未確定・郵送件数検索,施工店名（コラボス）,担当施工店,コラボス＋リペイント,1392125953,郵送合計件数(見積提案日基準),コラボス＋リペイント,✅,Cùng dataset
1281028522,商談未確定・郵送件数検索,ユニット（コラボス）,ユニット,コラボス＋リペイント,1392125953,郵送合計件数(見積提案日基準),コラボス＋リペイント,✅,Cùng dataset
1281028522,商談未確定・郵送件数検索,営業担当（コラボス）,営業担当（文字化け修正）,コラボス＋リペイント,1392125953,郵送合計件数(見積提案日基準),コラボス＋リペイント,✅,Cùng dataset
1281028522,商談未確定・郵送件数検索,元請会社名（コラボス）,元請会社(表示修正),コラボス＋リペイント,1148770875,注力元請別郵送件数(今月),コラボス＋リペイント,✅,Cùng dataset
1281028522,商談未確定・郵送件数検索,施工店名（コラボス）,担当施工店,コラボス＋リペイント,1148770875,注力元請別郵送件数(今月),コラボス＋リペイント,✅,Cùng dataset
1281028522,商談未確定・郵送件数検索,ユニット（コラボス）,ユニット,コラボス＋リペイント,1148770875,注力元請別郵送件数(今月),コラボス＋リペイント,✅,Cùng dataset
1281028522,商談未確定・郵送件数検索,営業担当（コラボス）,営業担当（文字化け修正）,コラボス＋リペイント,1148770875,注力元請別郵送件数(今月),コラボス＋リペイント,✅,Cùng dataset
1281028522,商談未確定・郵送件数検索,元請会社名（コラボス）,元請会社(表示修正),コラボス＋リペイント,1409183744,月別元請けごと商談未確定案件数(前期),コラボス＋リペイント,✅,Cùng dataset
1281028522,商談未確定・郵送件数検索,施工店名（コラボス）,担当施工店,コラボス＋リペイント,1409183744,月別元請けごと商談未確定案件数(前期),コラボス＋リペイント,✅,Cùng dataset
1281028522,商談未確定・郵送件数検索,ユニット（コラボス）,ユニット,コラボス＋リペイント,1409183744,月別元請けごと商談未確定案件数(前期),コラボス＋リペイント,✅,Cùng dataset
1281028522,商談未確定・郵送件数検索,営業担当（コラボス）,営業担当（文字化け修正）,コラボス＋リペイント,1409183744,月別元請けごと商談未確定案件数(前期),コラボス＋リペイント,✅,Cùng dataset
1281028522,商談未確定・郵送件数検索,元請会社名（コラボス）,元請会社(表示修正),コラボス＋リペイント,999361246,月別元請けごと郵送件数(今期),コラボス＋リペイント,✅,Cùng dataset
1281028522,商談未確定・郵送件数検索,施工店名（コラボス）,担当施工店,コラボス＋リペイント,999361246,月別元請けごと郵送件数(今期),コラボス＋リペイント,✅,Cùng dataset
1281028522,商談未確定・郵送件数検索,ユニット（コラボス）,ユニット,コラボス＋リペイント,999361246,月別元請けごと郵送件数(今期),コラボス＋リペイント,✅,Cùng dataset
1281028522,商談未確定・郵送件数検索,営業担当（コラボス）,営業担当（文字化け修正）,コラボス＋リペイント,999361246,月別元請けごと郵送件数(今期),コラボス＋リペイント,✅,Cùng dataset
1281028522,商談未確定・郵送件数検索,元請会社名（コラボス）,元請会社(表示修正),コラボス＋リペイント,719910242,商談日未確定案件一覧(見積提案日基準),コラボス＋リペイント,✅,Cùng dataset
1281028522,商談未確定・郵送件数検索,施工店名（コラボス）,担当施工店,コラボス＋リペイント,719910242,商談日未確定案件一覧(見積提案日基準),コラボス＋リペイント,✅,Cùng dataset
1281028522,商談未確定・郵送件数検索,ユニット（コラボス）,ユニット,コラボス＋リペイント,719910242,商談日未確定案件一覧(見積提案日基準),コラボス＋リペイント,✅,Cùng dataset
1281028522,商談未確定・郵送件数検索,営業担当（コラボス）,営業担当（文字化け修正）,コラボス＋リペイント,719910242,商談日未確定案件一覧(見積提案日基準),コラボス＋リペイント,✅,Cùng dataset
1281028522,商談未確定・郵送件数検索,元請会社名（コラボス）,元請会社(表示修正),コラボス＋リペイント,2144385797,月別施工店ごと商談未確定件数(前期),コラボス＋リペイント,✅,Cùng dataset
1281028522,商談未確定・郵送件数検索,施工店名（コラボス）,担当施工店,コラボス＋リペイント,2144385797,月別施工店ごと商談未確定件数(前期),コラボス＋リペイント,✅,Cùng dataset
1281028522,商談未確定・郵送件数検索,ユニット（コラボス）,ユニット,コラボス＋リペイント,2144385797,月別施工店ごと商談未確定件数(前期),コラボス＋リペイント,✅,Cùng dataset
1281028522,商談未確定・郵送件数検索,営業担当（コラボス）,営業担当（文字化け修正）,コラボス＋リペイント,2144385797,月別施工店ごと商談未確定件数(前期),コラボス＋リペイント,✅,Cùng dataset
1281028522,商談未確定・郵送件数検索,元請会社名（コラボス）,元請会社(表示修正),コラボス＋リペイント,1669657755,その他元請別郵送件数(今月),コラボス＋リペイント,✅,Cùng dataset
1281028522,商談未確定・郵送件数検索,施工店名（コラボス）,担当施工店,コラボス＋リペイント,1669657755,その他元請別郵送件数(今月),コラボス＋リペイント,✅,Cùng dataset
1281028522,商談未確定・郵送件数検索,ユニット（コラボス）,ユニット,コラボス＋リペイント,1669657755,その他元請別郵送件数(今月),コラボス＋リペイント,✅,Cùng dataset
1281028522,商談未確定・郵送件数検索,営業担当（コラボス）,営業担当（文字化け修正）,コラボス＋リペイント,1669657755,その他元請別郵送件数(今月),コラボス＋リペイント,✅,Cùng dataset
1281028522,商談未確定・郵送件数検索,元請会社名（コラボス）,元請会社(表示修正),コラボス＋リペイント,390114331,商談未確定案件数(見積提案日基準),コラボス＋リペイント,✅,Cùng dataset
1281028522,商談未確定・郵送件数検索,施工店名（コラボス）,担当施工店,コラボス＋リペイント,390114331,商談未確定案件数(見積提案日基準),コラボス＋リペイント,✅,Cùng dataset
1281028522,商談未確定・郵送件数検索,ユニット（コラボス）,ユニット,コラボス＋リペイント,390114331,商談未確定案件数(見積提案日基準),コラボス＋リペイント,✅,Cùng dataset
1281028522,商談未確定・郵送件数検索,営業担当（コラボス）,営業担当（文字化け修正）,コラボス＋リペイント,390114331,商談未確定案件数(見積提案日基準),コラボス＋リペイント,✅,Cùng dataset
1281028522,商談未確定・郵送件数検索,元請会社名（コラボス）,元請会社(表示修正),コラボス＋リペイント,138189276,月別施工店ごと商談未確定件数(今期),コラボス＋リペイント,✅,Cùng dataset
1281028522,商談未確定・郵送件数検索,施工店名（コラボス）,担当施工店,コラボス＋リペイント,138189276,月別施工店ごと商談未確定件数(今期),コラボス＋リペイント,✅,Cùng dataset
1281028522,商談未確定・郵送件数検索,ユニット（コラボス）,ユニット,コラボス＋リペイント,138189276,月別施工店ごと商談未確定件数(今期),コラボス＋リペイント,✅,Cùng dataset
1281028522,商談未確定・郵送件数検索,営業担当（コラボス）,営業担当（文字化け修正）,コラボス＋リペイント,138189276,月別施工店ごと商談未確定件数(今期),コラボス＋リペイント,✅,Cùng dataset
1377736771,商談・現調案件検索,営業担当（コラボス）,営業担当（文字化け修正）,コラボス＋リペイント,2106943822,注力元請け,コラボス＋リペイント,✅,Cùng dataset
1377736771,商談・現調案件検索,ユニット（コラボス）,ユニット,コラボス＋リペイント,2106943822,注力元請け,コラボス＋リペイント,✅,Cùng dataset
1377736771,商談・現調案件検索,元請会社名（コラボス）,元請会社(表示修正),コラボス＋リペイント,2106943822,注力元請け,コラボス＋リペイント,✅,Cùng dataset
1377736771,商談・現調案件検索,営業担当（コラボス）,営業担当（文字化け修正）,コラボス＋リペイント,987512664,畑井ユニット(現調予定案件数),コラボス＋リペイント,✅,Cùng dataset
1377736771,商談・現調案件検索,ユニット（コラボス）,ユニット,コラボス＋リペイント,987512664,畑井ユニット(現調予定案件数),コラボス＋リペイント,✅,Cùng dataset
1377736771,商談・現調案件検索,元請会社名（コラボス）,元請会社(表示修正),コラボス＋リペイント,987512664,畑井ユニット(現調予定案件数),コラボス＋リペイント,✅,Cùng dataset
1377736771,商談・現調案件検索,営業担当（コラボス）,営業担当（文字化け修正）,コラボス＋リペイント,253788829,※詳細を見る際はエクスポートして使用,コラボス＋リペイント,✅,Cùng dataset
1377736771,商談・現調案件検索,ユニット（コラボス）,ユニット,コラボス＋リペイント,253788829,※詳細を見る際はエクスポートして使用,コラボス＋リペイント,✅,Cùng dataset
1377736771,商談・現調案件検索,元請会社名（コラボス）,元請会社(表示修正),コラボス＋リペイント,253788829,※詳細を見る際はエクスポートして使用,コラボス＋リペイント,✅,Cùng dataset
1377736771,商談・現調案件検索,営業担当（コラボス）,営業担当（文字化け修正）,コラボス＋リペイント,1705199963,見積提出期限切れ(表),コラボス＋リペイント,✅,Cùng dataset
1377736771,商談・現調案件検索,ユニット（コラボス）,ユニット,コラボス＋リペイント,1705199963,見積提出期限切れ(表),コラボス＋リペイント,✅,Cùng dataset
1377736771,商談・現調案件検索,元請会社名（コラボス）,元請会社(表示修正),コラボス＋リペイント,1705199963,見積提出期限切れ(表),コラボス＋リペイント,✅,Cùng dataset
1377736771,商談・現調案件検索,営業担当（コラボス）,営業担当（文字化け修正）,コラボス＋リペイント,767606906,現調予定案件数（コラボス）,コラボス＋リペイント,✅,Cùng dataset
1377736771,商談・現調案件検索,ユニット（コラボス）,ユニット,コラボス＋リペイント,767606906,現調予定案件数（コラボス）,コラボス＋リペイント,✅,Cùng dataset
1377736771,商談・現調案件検索,元請会社名（コラボス）,元請会社(表示修正),コラボス＋リペイント,767606906,現調予定案件数（コラボス）,コラボス＋リペイント,✅,Cùng dataset
1377736771,商談・現調案件検索,営業担当（コラボス）,営業担当（文字化け修正）,コラボス＋リペイント,1143220652,注力元請け,コラボス＋リペイント,✅,Cùng dataset
1377736771,商談・現調案件検索,ユニット（コラボス）,ユニット,コラボス＋リペイント,1143220652,注力元請け,コラボス＋リペイント,✅,Cùng dataset
1377736771,商談・現調案件検索,元請会社名（コラボス）,元請会社(表示修正),コラボス＋リペイント,1143220652,注力元請け,コラボス＋リペイント,✅,Cùng dataset
1377736771,商談・現調案件検索,営業担当（コラボス）,営業担当（文字化け修正）,コラボス＋リペイント,588559152,DCM,コラボス＋リペイント,✅,Cùng dataset
1377736771,商談・現調案件検索,ユニット（コラボス）,ユニット,コラボス＋リペイント,588559152,DCM,コラボス＋リペイント,✅,Cùng dataset
1377736771,商談・現調案件検索,元請会社名（コラボス）,元請会社(表示修正),コラボス＋リペイント,588559152,DCM,コラボス＋リペイント,✅,Cùng dataset
1377736771,商談・現調案件検索,営業担当（コラボス）,営業担当（文字化け修正）,コラボス＋リペイント,1027555144,畑井ユニット(商談予定件数),コラボス＋リペイント,✅,Cùng dataset
1377736771,商談・現調案件検索,ユニット（コラボス）,ユニット,コラボス＋リペイント,1027555144,畑井ユニット(商談予定件数),コラボス＋リペイント,✅,Cùng dataset
1377736771,商談・現調案件検索,元請会社名（コラボス）,元請会社(表示修正),コラボス＋リペイント,1027555144,畑井ユニット(商談予定件数),コラボス＋リペイント,✅,Cùng dataset
1377736771,商談・現調案件検索,営業担当（コラボス）,営業担当（文字化け修正）,コラボス＋リペイント,1505065106,儀保ユニット(現調予定件数),コラボス＋リペイント,✅,Cùng dataset
1377736771,商談・現調案件検索,ユニット（コラボス）,ユニット,コラボス＋リペイント,1505065106,儀保ユニット(現調予定件数),コラボス＋リペイント,✅,Cùng dataset
1377736771,商談・現調案件検索,元請会社名（コラボス）,元請会社(表示修正),コラボス＋リペイント,1505065106,儀保ユニット(現調予定件数),コラボス＋リペイント,✅,Cùng dataset
1377736771,商談・現調案件検索,営業担当（コラボス）,営業担当（文字化け修正）,コラボス＋リペイント,1526869847,坂本ユニット(商談予定件数),コラボス＋リペイント,✅,Cùng dataset
1377736771,商談・現調案件検索,ユニット（コラボス）,ユニット,コラボス＋リペイント,1526869847,坂本ユニット(商談予定件数),コラボス＋リペイント,✅,Cùng dataset
1377736771,商談・現調案件検索,元請会社名（コラボス）,元請会社(表示修正),コラボス＋リペイント,1526869847,坂本ユニット(商談予定件数),コラボス＋リペイント,✅,Cùng dataset
1377736771,商談・現調案件検索,営業担当（コラボス）,営業担当（文字化け修正）,コラボス＋リペイント,1109778429,見積回収・一次チェック必要案件,コラボス＋リペイント,✅,Cùng dataset
1377736771,商談・現調案件検索,ユニット（コラボス）,ユニット,コラボス＋リペイント,1109778429,見積回収・一次チェック必要案件,コラボス＋リペイント,✅,Cùng dataset
1377736771,商談・現調案件検索,元請会社名（コラボス）,元請会社(表示修正),コラボス＋リペイント,1109778429,見積回収・一次チェック必要案件,コラボス＋リペイント,✅,Cùng dataset
1377736771,商談・現調案件検索,営業担当（コラボス）,営業担当（文字化け修正）,コラボス＋リペイント,16508491,現調予定案件一覧,コラボス＋リペイント,✅,Cùng dataset
1377736771,商談・現調案件検索,ユニット（コラボス）,ユニット,コラボス＋リペイント,16508491,現調予定案件一覧,コラボス＋リペイント,✅,Cùng dataset
1377736771,商談・現調案件検索,元請会社名（コラボス）,元請会社(表示修正),コラボス＋リペイント,16508491,現調予定案件一覧,コラボス＋リペイント,✅,Cùng dataset
1377736771,商談・現調案件検索,営業担当（コラボス）,営業担当（文字化け修正）,コラボス＋リペイント,1679642804,山﨑ユニット(商談予定件数),コラボス＋リペイント,✅,Cùng dataset
1377736771,商談・現調案件検索,ユニット（コラボス）,ユニット,コラボス＋リペイント,1679642804,山﨑ユニット(商談予定件数),コラボス＋リペイント,✅,Cùng dataset
1377736771,商談・現調案件検索,元請会社名（コラボス）,元請会社(表示修正),コラボス＋リペイント,1679642804,山﨑ユニット(商談予定件数),コラボス＋リペイント,✅,Cùng dataset
1377736771,商談・現調案件検索,営業担当（コラボス）,営業担当（文字化け修正）,コラボス＋リペイント,102342635,商談予定件数（期間内）,コラボス＋リペイント,✅,Cùng dataset
1377736771,商談・現調案件検索,ユニット（コラボス）,ユニット,コラボス＋リペイント,102342635,商談予定件数（期間内）,コラボス＋リペイント,✅,Cùng dataset
1377736771,商談・現調案件検索,元請会社名（コラボス）,元請会社(表示修正),コラボス＋リペイント,102342635,商談予定件数（期間内）,コラボス＋リペイント,✅,Cùng dataset
1377736771,商談・現調案件検索,営業担当（コラボス）,営業担当（文字化け修正）,コラボス＋リペイント,1105156415,坂本ユニット(現調予定案件数),コラボス＋リペイント,✅,Cùng dataset
1377736771,商談・現調案件検索,ユニット（コラボス）,ユニット,コラボス＋リペイント,1105156415,坂本ユニット(現調予定案件数),コラボス＋リペイント,✅,Cùng dataset
1377736771,商談・現調案件検索,元請会社名（コラボス）,元請会社(表示修正),コラボス＋リペイント,1105156415,坂本ユニット(現調予定案件数),コラボス＋リペイント,✅,Cùng dataset
1377736771,商談・現調案件検索,営業担当（コラボス）,営業担当（文字化け修正）,コラボス＋リペイント,1228773089,山﨑ユニット(現調予定案件数),コラボス＋リペイント,✅,Cùng dataset
1377736771,商談・現調案件検索,ユニット（コラボス）,ユニット,コラボス＋リペイント,1228773089,山﨑ユニット(現調予定案件数),コラボス＋リペイント,✅,Cùng dataset
1377736771,商談・現調案件検索,元請会社名（コラボス）,元請会社(表示修正),コラボス＋リペイント,1228773089,山﨑ユニット(現調予定案件数),コラボス＋リペイント,✅,Cùng dataset
1377736771,商談・現調案件検索,営業担当（コラボス）,営業担当（文字化け修正）,コラボス＋リペイント,900190539,DCM,コラボス＋リペイント,✅,Cùng dataset
1377736771,商談・現調案件検索,ユニット（コラボス）,ユニット,コラボス＋リペイント,900190539,DCM,コラボス＋リペイント,✅,Cùng dataset
1377736771,商談・現調案件検索,元請会社名（コラボス）,元請会社(表示修正),コラボス＋リペイント,900190539,DCM,コラボス＋リペイント,✅,Cùng dataset
1377736771,商談・現調案件検索,営業担当（コラボス）,営業担当（文字化け修正）,コラボス＋リペイント,1156078344,儀保ユニット(商談予定件数),コラボス＋リペイント,✅,Cùng dataset
1377736771,商談・現調案件検索,ユニット（コラボス）,ユニット,コラボス＋リペイント,1156078344,儀保ユニット(商談予定件数),コラボス＋リペイント,✅,Cùng dataset
1377736771,商談・現調案件検索,元請会社名（コラボス）,元請会社(表示修正),コラボス＋リペイント,1156078344,儀保ユニット(商談予定件数),コラボス＋リペイント,✅,Cùng dataset
1377736771,商談・現調案件検索,営業担当（コラボス）,営業担当（文字化け修正）,コラボス＋リペイント,1336512521,その他,コラボス＋リペイント,✅,Cùng dataset
1377736771,商談・現調案件検索,ユニット（コラボス）,ユニット,コラボス＋リペイント,1336512521,その他,コラボス＋リペイント,✅,Cùng dataset
1377736771,商談・現調案件検索,元請会社名（コラボス）,元請会社(表示修正),コラボス＋リペイント,1336512521,その他,コラボス＋リペイント,✅,Cùng dataset
1377736771,商談・現調案件検索,営業担当（コラボス）,営業担当（文字化け修正）,コラボス＋リペイント,858072268,その他,コラボス＋リペイント,✅,Cùng dataset
1377736771,商談・現調案件検索,ユニット（コラボス）,ユニット,コラボス＋リペイント,858072268,その他,コラボス＋リペイント,✅,Cùng dataset
1377736771,商談・現調案件検索,元請会社名（コラボス）,元請会社(表示修正),コラボス＋リペイント,858072268,その他,コラボス＋リペイント,✅,Cùng dataset
1428843185,コラボス集計,営業担当（コラボス）,営業担当（文字化け修正）,コラボス＋リペイント,1887804995,見積提出数_グラフ（見積提案日基準）,コラボス＋リペイント,✅,Cùng dataset
1428843185,コラボス集計,コラボス集計,スポットチェンジ判断,コラボス＋リペイント,1887804995,見積提出数_グラフ（見積提案日基準）,コラボス＋リペイント,✅,Cùng dataset
1428843185,コラボス集計,都道府県,都道府県,コラボス集計,1887804995,見積提出数_グラフ（見積提案日基準）,コラボス＋リペイント,✅,Có column
1428843185,コラボス集計,元請会社名,元請会社（DCMまとめ）,コラボス＋リペイント,1887804995,見積提出数_グラフ（見積提案日基準）,コラボス＋リペイント,✅,Cùng dataset
1428843185,コラボス集計,施工店名,担当施工店,コラボス集計,1887804995,見積提出数_グラフ（見積提案日基準）,コラボス＋リペイント,✅,Có column
1428843185,コラボス集計,営業担当（コラボス）,営業担当（文字化け修正）,コラボス＋リペイント,164598919,見積提出数_60万以上_グラフ（見積提案日基準）,コラボス＋リペイント,✅,Cùng dataset
1428843185,コラボス集計,コラボス集計,スポットチェンジ判断,コラボス＋リペイント,164598919,見積提出数_60万以上_グラフ（見積提案日基準）,コラボス＋リペイント,✅,Cùng dataset
1428843185,コラボス集計,都道府県,都道府県,コラボス集計,164598919,見積提出数_60万以上_グラフ（見積提案日基準）,コラボス＋リペイント,✅,Có column
1428843185,コラボス集計,元請会社名,元請会社（DCMまとめ）,コラボス＋リペイント,164598919,見積提出数_60万以上_グラフ（見積提案日基準）,コラボス＋リペイント,✅,Cùng dataset
1428843185,コラボス集計,施工店名,担当施工店,コラボス集計,164598919,見積提出数_60万以上_グラフ（見積提案日基準）,コラボス＋リペイント,✅,Có column
1428843185,コラボス集計,営業担当（コラボス）,営業担当（文字化け修正）,コラボス＋リペイント,17212857,契約金額_グラフ（結果確定日基準）,コラボス＋リペイント,✅,Cùng dataset
1428843185,コラボス集計,コラボス集計,スポットチェンジ判断,コラボス＋リペイント,17212857,契約金額_グラフ（結果確定日基準）,コラボス＋リペイント,✅,Cùng dataset
1428843185,コラボス集計,都道府県,都道府県,コラボス集計,17212857,契約金額_グラフ（結果確定日基準）,コラボス＋リペイント,✅,Có column
1428843185,コラボス集計,元請会社名,元請会社（DCMまとめ）,コラボス＋リペイント,17212857,契約金額_グラフ（結果確定日基準）,コラボス＋リペイント,✅,Cùng dataset
1428843185,コラボス集計,施工店名,担当施工店,コラボス集計,17212857,契約金額_グラフ（結果確定日基準）,コラボス＋リペイント,✅,Có column
1428843185,コラボス集計,営業担当（コラボス）,営業担当（文字化け修正）,コラボス＋リペイント,1492756894,契約金額,コラボス＋リペイント,✅,Cùng dataset
1428843185,コラボス集計,コラボス集計,スポットチェンジ判断,コラボス＋リペイント,1492756894,契約金額,コラボス＋リペイント,✅,Cùng dataset
1428843185,コラボス集計,都道府県,都道府県,コラボス集計,1492756894,契約金額,コラボス＋リペイント,✅,Có column
1428843185,コラボス集計,元請会社名,元請会社（DCMまとめ）,コラボス＋リペイント,1492756894,契約金額,コラボス＋リペイント,✅,Cùng dataset
1428843185,コラボス集計,施工店名,担当施工店,コラボス集計,1492756894,契約金額,コラボス＋リペイント,✅,Có column
1428843185,コラボス集計,営業担当（コラボス）,営業担当（文字化け修正）,コラボス＋リペイント,779700125,完工数_グラフ（工事完了日基準）,コラボス＋リペイント,✅,Cùng dataset
1428843185,コラボス集計,コラボス集計,スポットチェンジ判断,コラボス＋リペイント,779700125,完工数_グラフ（工事完了日基準）,コラボス＋リペイント,✅,Cùng dataset
1428843185,コラボス集計,都道府県,都道府県,コラボス集計,779700125,完工数_グラフ（工事完了日基準）,コラボス＋リペイント,✅,Có column
1428843185,コラボス集計,元請会社名,元請会社（DCMまとめ）,コラボス＋リペイント,779700125,完工数_グラフ（工事完了日基準）,コラボス＋リペイント,✅,Cùng dataset
1428843185,コラボス集計,施工店名,担当施工店,コラボス集計,779700125,完工数_グラフ（工事完了日基準）,コラボス＋リペイント,✅,Có column
1428843185,コラボス集計,営業担当（コラボス）,営業担当（文字化け修正）,コラボス＋リペイント,988197674,契約率（3ヶ月移動平均/60万円以上）,コラボス_契約率移動平均用,❌,Thiếu column
1428843185,コラボス集計,コラボス集計,スポットチェンジ判断,コラボス＋リペイント,988197674,契約率（3ヶ月移動平均/60万円以上）,コラボス_契約率移動平均用,❌,Thiếu column
1428843185,コラボス集計,都道府県,都道府県,コラボス集計,988197674,契約率（3ヶ月移動平均/60万円以上）,コラボス_契約率移動平均用,✅,Có column
1428843185,コラボス集計,元請会社名,元請会社（DCMまとめ）,コラボス＋リペイント,988197674,契約率（3ヶ月移動平均/60万円以上）,コラボス_契約率移動平均用,✅,Có column
1428843185,コラボス集計,施工店名,担当施工店,コラボス集計,988197674,契約率（3ヶ月移動平均/60万円以上）,コラボス_契約率移動平均用,✅,Có column
1428843185,コラボス集計,営業担当（コラボス）,営業担当（文字化け修正）,コラボス＋リペイント,1889903978,契約数_60万以上,コラボス＋リペイント,✅,Cùng dataset
1428843185,コラボス集計,コラボス集計,スポットチェンジ判断,コラボス＋リペイント,1889903978,契約数_60万以上,コラボス＋リペイント,✅,Cùng dataset
1428843185,コラボス集計,都道府県,都道府県,コラボス集計,1889903978,契約数_60万以上,コラボス＋リペイント,✅,Có column
1428843185,コラボス集計,元請会社名,元請会社（DCMまとめ）,コラボス＋リペイント,1889903978,契約数_60万以上,コラボス＋リペイント,✅,Cùng dataset
1428843185,コラボス集計,施工店名,担当施工店,コラボス集計,1889903978,契約数_60万以上,コラボス＋リペイント,✅,Có column
1428843185,コラボス集計,営業担当（コラボス）,営業担当（文字化け修正）,コラボス＋リペイント,691201626,完工数_60万以上,コラボス＋リペイント,✅,Cùng dataset
1428843185,コラボス集計,コラボス集計,スポットチェンジ判断,コラボス＋リペイント,691201626,完工数_60万以上,コラボス＋リペイント,✅,Cùng dataset
1428843185,コラボス集計,都道府県,都道府県,コラボス集計,691201626,完工数_60万以上,コラボス＋リペイント,✅,Có column
1428843185,コラボス集計,元請会社名,元請会社（DCMまとめ）,コラボス＋リペイント,691201626,完工数_60万以上,コラボス＋リペイント,✅,Cùng dataset
1428843185,コラボス集計,施工店名,担当施工店,コラボス集計,691201626,完工数_60万以上,コラボス＋リペイント,✅,Có column
1428843185,コラボス集計,営業担当（コラボス）,営業担当（文字化け修正）,コラボス＋リペイント,1532260531,見積提案数,コラボス＋リペイント,✅,Cùng dataset
1428843185,コラボス集計,コラボス集計,スポットチェンジ判断,コラボス＋リペイント,1532260531,見積提案数,コラボス＋リペイント,✅,Cùng dataset
1428843185,コラボス集計,都道府県,都道府県,コラボス集計,1532260531,見積提案数,コラボス＋リペイント,✅,Có column
1428843185,コラボス集計,元請会社名,元請会社（DCMまとめ）,コラボス＋リペイント,1532260531,見積提案数,コラボス＋リペイント,✅,Cùng dataset
1428843185,コラボス集計,施工店名,担当施工店,コラボス集計,1532260531,見積提案数,コラボス＋リペイント,✅,Có column
1428843185,コラボス集計,営業担当（コラボス）,営業担当（文字化け修正）,コラボス＋リペイント,532453145,契約率（12ヶ月移動平均）,コラボス_契約率移動平均用,❌,Thiếu column
1428843185,コラボス集計,コラボス集計,スポットチェンジ判断,コラボス＋リペイント,532453145,契約率（12ヶ月移動平均）,コラボス_契約率移動平均用,❌,Thiếu column
1428843185,コラボス集計,都道府県,都道府県,コラボス集計,532453145,契約率（12ヶ月移動平均）,コラボス_契約率移動平均用,✅,Có column
1428843185,コラボス集計,元請会社名,元請会社（DCMまとめ）,コラボス＋リペイント,532453145,契約率（12ヶ月移動平均）,コラボス_契約率移動平均用,✅,Có column
1428843185,コラボス集計,施工店名,担当施工店,コラボス集計,532453145,契約率（12ヶ月移動平均）,コラボス_契約率移動平均用,✅,Có column
1428843185,コラボス集計,営業担当（コラボス）,営業担当（文字化け修正）,コラボス＋リペイント,1966591176,完工金額_60万以上_グラフ（工事完了日基準）,コラボス＋リペイント,✅,Cùng dataset
1428843185,コラボス集計,コラボス集計,スポットチェンジ判断,コラボス＋リペイント,1966591176,完工金額_60万以上_グラフ（工事完了日基準）,コラボス＋リペイント,✅,Cùng dataset
1428843185,コラボス集計,都道府県,都道府県,コラボス集計,1966591176,完工金額_60万以上_グラフ（工事完了日基準）,コラボス＋リペイント,✅,Có column
1428843185,コラボス集計,元請会社名,元請会社（DCMまとめ）,コラボス＋リペイント,1966591176,完工金額_60万以上_グラフ（工事完了日基準）,コラボス＋リペイント,✅,Cùng dataset
1428843185,コラボス集計,施工店名,担当施工店,コラボス集計,1966591176,完工金額_60万以上_グラフ（工事完了日基準）,コラボス＋リペイント,✅,Có column
1428843185,コラボス集計,営業担当（コラボス）,営業担当（文字化け修正）,コラボス＋リペイント,1718162296,案件数_60万以上,コラボス＋リペイント,✅,Cùng dataset
1428843185,コラボス集計,コラボス集計,スポットチェンジ判断,コラボス＋リペイント,1718162296,案件数_60万以上,コラボス＋リペイント,✅,Cùng dataset
1428843185,コラボス集計,都道府県,都道府県,コラボス集計,1718162296,案件数_60万以上,コラボス＋リペイント,✅,Có column
1428843185,コラボス集計,元請会社名,元請会社（DCMまとめ）,コラボス＋リペイント,1718162296,案件数_60万以上,コラボス＋リペイント,✅,Cùng dataset
1428843185,コラボス集計,施工店名,担当施工店,コラボス集計,1718162296,案件数_60万以上,コラボス＋リペイント,✅,Có column
1428843185,コラボス集計,営業担当（コラボス）,営業担当（文字化け修正）,コラボス＋リペイント,2075585989,契約金額_60万以上,コラボス＋リペイント,✅,Cùng dataset
1428843185,コラボス集計,コラボス集計,スポットチェンジ判断,コラボス＋リペイント,2075585989,契約金額_60万以上,コラボス＋リペイント,✅,Cùng dataset
1428843185,コラボス集計,都道府県,都道府県,コラボス集計,2075585989,契約金額_60万以上,コラボス＋リペイント,✅,Có column
1428843185,コラボス集計,元請会社名,元請会社（DCMまとめ）,コラボス＋リペイント,2075585989,契約金額_60万以上,コラボス＋リペイント,✅,Cùng dataset
1428843185,コラボス集計,施工店名,担当施工店,コラボス集計,2075585989,契約金額_60万以上,コラボス＋リペイント,✅,Có column
1428843185,コラボス集計,営業担当（コラボス）,営業担当（文字化け修正）,コラボス＋リペイント,1754595176,完工数_60万以上_グラフ（工事完了日基準）,コラボス＋リペイント,✅,Cùng dataset
1428843185,コラボス集計,コラボス集計,スポットチェンジ判断,コラボス＋リペイント,1754595176,完工数_60万以上_グラフ（工事完了日基準）,コラボス＋リペイント,✅,Cùng dataset
1428843185,コラボス集計,都道府県,都道府県,コラボス集計,1754595176,完工数_60万以上_グラフ（工事完了日基準）,コラボス＋リペイント,✅,Có column
1428843185,コラボス集計,元請会社名,元請会社（DCMまとめ）,コラボス＋リペイント,1754595176,完工数_60万以上_グラフ（工事完了日基準）,コラボス＋リペイント,✅,Cùng dataset
1428843185,コラボス集計,施工店名,担当施工店,コラボス集計,1754595176,完工数_60万以上_グラフ（工事完了日基準）,コラボス＋リペイント,✅,Có column
1428843185,コラボス集計,営業担当（コラボス）,営業担当（文字化け修正）,コラボス＋リペイント,41490049,案件数,コラボス＋リペイント,✅,Cùng dataset
1428843185,コラボス集計,コラボス集計,スポットチェンジ判断,コラボス＋リペイント,41490049,案件数,コラボス＋リペイント,✅,Cùng dataset
1428843185,コラボス集計,都道府県,都道府県,コラボス集計,41490049,案件数,コラボス＋リペイント,✅,Có column
1428843185,コラボス集計,元請会社名,元請会社（DCMまとめ）,コラボス＋リペイント,41490049,案件数,コラボス＋リペイント,✅,Cùng dataset
1428843185,コラボス集計,施工店名,担当施工店,コラボス集計,41490049,案件数,コラボス＋リペイント,✅,Có column
1428843185,コラボス集計,営業担当（コラボス）,営業担当（文字化け修正）,コラボス＋リペイント,531776962,契約数_グラフ（結果確定日基準）,コラボス＋リペイント,✅,Cùng dataset
1428843185,コラボス集計,コラボス集計,スポットチェンジ判断,コラボス＋リペイント,531776962,契約数_グラフ（結果確定日基準）,コラボス＋リペイント,✅,Cùng dataset
1428843185,コラボス集計,都道府県,都道府県,コラボス集計,531776962,契約数_グラフ（結果確定日基準）,コラボス＋リペイント,✅,Có column
1428843185,コラボス集計,元請会社名,元請会社（DCMまとめ）,コラボス＋リペイント,531776962,契約数_グラフ（結果確定日基準）,コラボス＋リペイント,✅,Cùng dataset
1428843185,コラボス集計,施工店名,担当施工店,コラボス集計,531776962,契約数_グラフ（結果確定日基準）,コラボス＋リペイント,✅,Có column
1428843185,コラボス集計,営業担当（コラボス）,営業担当（文字化け修正）,コラボス＋リペイント,1048755699,工事粗利_60万以上,コラボス＋リペイント,✅,Cùng dataset
1428843185,コラボス集計,コラボス集計,スポットチェンジ判断,コラボス＋リペイント,1048755699,工事粗利_60万以上,コラボス＋リペイント,✅,Cùng dataset
1428843185,コラボス集計,都道府県,都道府県,コラボス集計,1048755699,工事粗利_60万以上,コラボス＋リペイント,✅,Có column
1428843185,コラボス集計,元請会社名,元請会社（DCMまとめ）,コラボス＋リペイント,1048755699,工事粗利_60万以上,コラボス＋リペイント,✅,Cùng dataset
1428843185,コラボス集計,施工店名,担当施工店,コラボス集計,1048755699,工事粗利_60万以上,コラボス＋リペイント,✅,Có column
1428843185,コラボス集計,営業担当（コラボス）,営業担当（文字化け修正）,コラボス＋リペイント,1866181173,契約率（3ヶ月移動平均）,コラボス_契約率移動平均用,❌,Thiếu column
1428843185,コラボス集計,コラボス集計,スポットチェンジ判断,コラボス＋リペイント,1866181173,契約率（3ヶ月移動平均）,コラボス_契約率移動平均用,❌,Thiếu column
1428843185,コラボス集計,都道府県,都道府県,コラボス集計,1866181173,契約率（3ヶ月移動平均）,コラボス_契約率移動平均用,✅,Có column
1428843185,コラボス集計,元請会社名,元請会社（DCMまとめ）,コラボス＋リペイント,1866181173,契約率（3ヶ月移動平均）,コラボス_契約率移動平均用,✅,Có column
1428843185,コラボス集計,施工店名,担当施工店,コラボス集計,1866181173,契約率（3ヶ月移動平均）,コラボス_契約率移動平均用,✅,Có column
1428843185,コラボス集計,営業担当（コラボス）,営業担当（文字化け修正）,コラボス＋リペイント,1520589725,見積提案数_60万以上,コラボス＋リペイント,✅,Cùng dataset
1428843185,コラボス集計,コラボス集計,スポットチェンジ判断,コラボス＋リペイント,1520589725,見積提案数_60万以上,コラボス＋リペイント,✅,Cùng dataset
1428843185,コラボス集計,都道府県,都道府県,コラボス集計,1520589725,見積提案数_60万以上,コラボス＋リペイント,✅,Có column
1428843185,コラボス集計,元請会社名,元請会社（DCMまとめ）,コラボス＋リペイント,1520589725,見積提案数_60万以上,コラボス＋リペイント,✅,Cùng dataset
1428843185,コラボス集計,施工店名,担当施工店,コラボス集計,1520589725,見積提案数_60万以上,コラボス＋リペイント,✅,Có column
1428843185,コラボス集計,営業担当（コラボス）,営業担当（文字化け修正）,コラボス＋リペイント,1768862313,完工金額,コラボス＋リペイント,✅,Cùng dataset
1428843185,コラボス集計,コラボス集計,スポットチェンジ判断,コラボス＋リペイント,1768862313,完工金額,コラボス＋リペイント,✅,Cùng dataset
1428843185,コラボス集計,都道府県,都道府県,コラボス集計,1768862313,完工金額,コラボス＋リペイント,✅,Có column
1428843185,コラボス集計,元請会社名,元請会社（DCMまとめ）,コラボス＋リペイント,1768862313,完工金額,コラボス＋リペイント,✅,Cùng dataset
1428843185,コラボス集計,施工店名,担当施工店,コラボス集計,1768862313,完工金額,コラボス＋リペイント,✅,Có column
1428843185,コラボス集計,営業担当（コラボス）,営業担当（文字化け修正）,コラボス＋リペイント,1868388949,工事粗利_グラフ（支払基準日基準）,コラボス＋リペイント,✅,Cùng dataset
1428843185,コラボス集計,コラボス集計,スポットチェンジ判断,コラボス＋リペイント,1868388949,工事粗利_グラフ（支払基準日基準）,コラボス＋リペイント,✅,Cùng dataset
1428843185,コラボス集計,都道府県,都道府県,コラボス集計,1868388949,工事粗利_グラフ（支払基準日基準）,コラボス＋リペイント,✅,Có column
1428843185,コラボス集計,元請会社名,元請会社（DCMまとめ）,コラボス＋リペイント,1868388949,工事粗利_グラフ（支払基準日基準）,コラボス＋リペイント,✅,Cùng dataset
1428843185,コラボス集計,施工店名,担当施工店,コラボス集計,1868388949,工事粗利_グラフ（支払基準日基準）,コラボス＋リペイント,✅,Có column
1428843185,コラボス集計,営業担当（コラボス）,営業担当（文字化け修正）,コラボス＋リペイント,821020907,工事粗利_60万以上_グラフ（支払基準日基準）,コラボス＋リペイント,✅,Cùng dataset
1428843185,コラボス集計,コラボス集計,スポットチェンジ判断,コラボス＋リペイント,821020907,工事粗利_60万以上_グラフ（支払基準日基準）,コラボス＋リペイント,✅,Cùng dataset
1428843185,コラボス集計,都道府県,都道府県,コラボス集計,821020907,工事粗利_60万以上_グラフ（支払基準日基準）,コラボス＋リペイント,✅,Có column
1428843185,コラボス集計,元請会社名,元請会社（DCMまとめ）,コラボス＋リペイント,821020907,工事粗利_60万以上_グラフ（支払基準日基準）,コラボス＋リペイント,✅,Cùng dataset
1428843185,コラボス集計,施工店名,担当施工店,コラボス集計,821020907,工事粗利_60万以上_グラフ（支払基準日基準）,コラボス＋リペイント,✅,Có column
1428843185,コラボス集計,営業担当（コラボス）,営業担当（文字化け修正）,コラボス＋リペイント,82040535,契約率（見積提案日基準・60万以上）,コラボス＋リペイント,✅,Cùng dataset
1428843185,コラボス集計,コラボス集計,スポットチェンジ判断,コラボス＋リペイント,82040535,契約率（見積提案日基準・60万以上）,コラボス＋リペイント,✅,Cùng dataset
1428843185,コラボス集計,都道府県,都道府県,コラボス集計,82040535,契約率（見積提案日基準・60万以上）,コラボス＋リペイント,✅,Có column
1428843185,コラボス集計,元請会社名,元請会社（DCMまとめ）,コラボス＋リペイント,82040535,契約率（見積提案日基準・60万以上）,コラボス＋リペイント,✅,Cùng dataset
1428843185,コラボス集計,施工店名,担当施工店,コラボス集計,82040535,契約率（見積提案日基準・60万以上）,コラボス＋リペイント,✅,Có column
1428843185,コラボス集計,営業担当（コラボス）,営業担当（文字化け修正）,コラボス＋リペイント,1653813382,案件数_60万以上_グラフ,コラボス＋リペイント,✅,Cùng dataset
1428843185,コラボス集計,コラボス集計,スポットチェンジ判断,コラボス＋リペイント,1653813382,案件数_60万以上_グラフ,コラボス＋リペイント,✅,Cùng dataset
1428843185,コラボス集計,都道府県,都道府県,コラボス集計,1653813382,案件数_60万以上_グラフ,コラボス＋リペイント,✅,Có column
1428843185,コラボス集計,元請会社名,元請会社（DCMまとめ）,コラボス＋リペイント,1653813382,案件数_60万以上_グラフ,コラボス＋リペイント,✅,Cùng dataset
1428843185,コラボス集計,施工店名,担当施工店,コラボス集計,1653813382,案件数_60万以上_グラフ,コラボス＋リペイント,✅,Có column
1428843185,コラボス集計,営業担当（コラボス）,営業担当（文字化け修正）,コラボス＋リペイント,1546556308,完工金額_グラフ（工事完了日基準）,コラボス＋リペイント,✅,Cùng dataset
1428843185,コラボス集計,コラボス集計,スポットチェンジ判断,コラボス＋リペイント,1546556308,完工金額_グラフ（工事完了日基準）,コラボス＋リペイント,✅,Cùng dataset
1428843185,コラボス集計,都道府県,都道府県,コラボス集計,1546556308,完工金額_グラフ（工事完了日基準）,コラボス＋リペイント,✅,Có column
1428843185,コラボス集計,元請会社名,元請会社（DCMまとめ）,コラボス＋リペイント,1546556308,完工金額_グラフ（工事完了日基準）,コラボス＋リペイント,✅,Cùng dataset
1428843185,コラボス集計,施工店名,担当施工店,コラボス集計,1546556308,完工金額_グラフ（工事完了日基準）,コラボス＋リペイント,✅,Có column
1428843185,コラボス集計,営業担当（コラボス）,営業担当（文字化け修正）,コラボス＋リペイント,1573144144,完工金額_60万以上,コラボス＋リペイント,✅,Cùng dataset
1428843185,コラボス集計,コラボス集計,スポットチェンジ判断,コラボス＋リペイント,1573144144,完工金額_60万以上,コラボス＋リペイント,✅,Cùng dataset
1428843185,コラボス集計,都道府県,都道府県,コラボス集計,1573144144,完工金額_60万以上,コラボス＋リペイント,✅,Có column
1428843185,コラボス集計,元請会社名,元請会社（DCMまとめ）,コラボス＋リペイント,1573144144,完工金額_60万以上,コラボス＋リペイント,✅,Cùng dataset
1428843185,コラボス集計,施工店名,担当施工店,コラボス集計,1573144144,完工金額_60万以上,コラボス＋リペイント,✅,Có column
1428843185,コラボス集計,営業担当（コラボス）,営業担当（文字化け修正）,コラボス＋リペイント,894907839,工事粗利,コラボス＋リペイント,✅,Cùng dataset
1428843185,コラボス集計,コラボス集計,スポットチェンジ判断,コラボス＋リペイント,894907839,工事粗利,コラボス＋リペイント,✅,Cùng dataset
1428843185,コラボス集計,都道府県,都道府県,コラボス集計,894907839,工事粗利,コラボス＋リペイント,✅,Có column
1428843185,コラボス集計,元請会社名,元請会社（DCMまとめ）,コラボス＋リペイント,894907839,工事粗利,コラボス＋リペイント,✅,Cùng dataset
1428843185,コラボス集計,施工店名,担当施工店,コラボス集計,894907839,工事粗利,コラボス＋リペイント,✅,Có column
1428843185,コラボス集計,営業担当（コラボス）,営業担当（文字化け修正）,コラボス＋リペイント,909334434,契約率（12ヶ月移動平均/60万円以上）,コラボス_契約率移動平均用,❌,Thiếu column
1428843185,コラボス集計,コラボス集計,スポットチェンジ判断,コラボス＋リペイント,909334434,契約率（12ヶ月移動平均/60万円以上）,コラボス_契約率移動平均用,❌,Thiếu column
1428843185,コラボス集計,都道府県,都道府県,コラボス集計,909334434,契約率（12ヶ月移動平均/60万円以上）,コラボス_契約率移動平均用,✅,Có column
1428843185,コラボス集計,元請会社名,元請会社（DCMまとめ）,コラボス＋リペイント,909334434,契約率（12ヶ月移動平均/60万円以上）,コラボス_契約率移動平均用,✅,Có column
1428843185,コラボス集計,施工店名,担当施工店,コラボス集計,909334434,契約率（12ヶ月移動平均/60万円以上）,コラボス_契約率移動平均用,✅,Có column
1428843185,コラボス集計,営業担当（コラボス）,営業担当（文字化け修正）,コラボス＋リペイント,1952258545,案件発生数_グラフ（承り日基準）,コラボス＋リペイント,✅,Cùng dataset
1428843185,コラボス集計,コラボス集計,スポットチェンジ判断,コラボス＋リペイント,1952258545,案件発生数_グラフ（承り日基準）,コラボス＋リペイント,✅,Cùng dataset
1428843185,コラボス集計,都道府県,都道府県,コラボス集計,1952258545,案件発生数_グラフ（承り日基準）,コラボス＋リペイント,✅,Có column
1428843185,コラボス集計,元請会社名,元請会社（DCMまとめ）,コラボス＋リペイント,1952258545,案件発生数_グラフ（承り日基準）,コラボス＋リペイント,✅,Cùng dataset
1428843185,コラボス集計,施工店名,担当施工店,コラボス集計,1952258545,案件発生数_グラフ（承り日基準）,コラボス＋リペイント,✅,Có column
1428843185,コラボス集計,営業担当（コラボス）,営業担当（文字化け修正）,コラボス＋リペイント,1192997370,契約率（見積提案日基準）,コラボス＋リペイント,✅,Cùng dataset
1428843185,コラボス集計,コラボス集計,スポットチェンジ判断,コラボス＋リペイント,1192997370,契約率（見積提案日基準）,コラボス＋リペイント,✅,Cùng dataset
1428843185,コラボス集計,都道府県,都道府県,コラボス集計,1192997370,契約率（見積提案日基準）,コラボス＋リペイント,✅,Có column
1428843185,コラボス集計,元請会社名,元請会社（DCMまとめ）,コラボス＋リペイント,1192997370,契約率（見積提案日基準）,コラボス＋リペイント,✅,Cùng dataset
1428843185,コラボス集計,施工店名,担当施工店,コラボス集計,1192997370,契約率（見積提案日基準）,コラボス＋リペイント,✅,Có column
1428843185,コラボス集計,営業担当（コラボス）,営業担当（文字化け修正）,コラボス＋リペイント,308637114,契約率_グラフ（見積提案日基準・60万以上）,コラボス＋リペイント,✅,Cùng dataset
1428843185,コラボス集計,コラボス集計,スポットチェンジ判断,コラボス＋リペイント,308637114,契約率_グラフ（見積提案日基準・60万以上）,コラボス＋リペイント,✅,Cùng dataset
1428843185,コラボス集計,都道府県,都道府県,コラボス集計,308637114,契約率_グラフ（見積提案日基準・60万以上）,コラボス＋リペイント,✅,Có column
1428843185,コラボス集計,元請会社名,元請会社（DCMまとめ）,コラボス＋リペイント,308637114,契約率_グラフ（見積提案日基準・60万以上）,コラボス＋リペイント,✅,Cùng dataset
1428843185,コラボス集計,施工店名,担当施工店,コラボス集計,308637114,契約率_グラフ（見積提案日基準・60万以上）,コラボス＋リペイント,✅,Có column
1428843185,コラボス集計,営業担当（コラボス）,営業担当（文字化け修正）,コラボス＋リペイント,379469956,契約金額__60万以上 グラフ（結果確定日基準）,コラボス＋リペイント,✅,Cùng dataset
1428843185,コラボス集計,コラボス集計,スポットチェンジ判断,コラボス＋リペイント,379469956,契約金額__60万以上 グラフ（結果確定日基準）,コラボス＋リペイント,✅,Cùng dataset
1428843185,コラボス集計,都道府県,都道府県,コラボス集計,379469956,契約金額__60万以上 グラフ（結果確定日基準）,コラボス＋リペイント,✅,Có column
1428843185,コラボス集計,元請会社名,元請会社（DCMまとめ）,コラボス＋リペイント,379469956,契約金額__60万以上 グラフ（結果確定日基準）,コラボス＋リペイント,✅,Cùng dataset
1428843185,コラボス集計,施工店名,担当施工店,コラボス集計,379469956,契約金額__60万以上 グラフ（結果確定日基準）,コラボス＋リペイント,✅,Có column
1428843185,コラボス集計,営業担当（コラボス）,営業担当（文字化け修正）,コラボス＋リペイント,1596693498,契約数,コラボス＋リペイント,✅,Cùng dataset
1428843185,コラボス集計,コラボス集計,スポットチェンジ判断,コラボス＋リペイント,1596693498,契約数,コラボス＋リペイント,✅,Cùng dataset
1428843185,コラボス集計,都道府県,都道府県,コラボス集計,1596693498,契約数,コラボス＋リペイント,✅,Có column
1428843185,コラボス集計,元請会社名,元請会社（DCMまとめ）,コラボス＋リペイント,1596693498,契約数,コラボス＋リペイント,✅,Cùng dataset
1428843185,コラボス集計,施工店名,担当施工店,コラボス集計,1596693498,契約数,コラボス＋リペイント,✅,Có column
1428843185,コラボス集計,営業担当（コラボス）,営業担当（文字化け修正）,コラボス＋リペイント,1010684648,契約率_グラフ（見積提案日基準）,コラボス＋リペイント,✅,Cùng dataset
1428843185,コラボス集計,コラボス集計,スポットチェンジ判断,コラボス＋リペイント,1010684648,契約率_グラフ（見積提案日基準）,コラボス＋リペイント,✅,Cùng dataset
1428843185,コラボス集計,都道府県,都道府県,コラボス集計,1010684648,契約率_グラフ（見積提案日基準）,コラボス＋リペイント,✅,Có column
1428843185,コラボス集計,元請会社名,元請会社（DCMまとめ）,コラボス＋リペイント,1010684648,契約率_グラフ（見積提案日基準）,コラボス＋リペイント,✅,Cùng dataset
1428843185,コラボス集計,施工店名,担当施工店,コラボス集計,1010684648,契約率_グラフ（見積提案日基準）,コラボス＋リペイント,✅,Có column
1428843185,コラボス集計,営業担当（コラボス）,営業担当（文字化け修正）,コラボス＋リペイント,1813675019,完工数,コラボス＋リペイント,✅,Cùng dataset
1428843185,コラボス集計,コラボス集計,スポットチェンジ判断,コラボス＋リペイント,1813675019,完工数,コラボス＋リペイント,✅,Cùng dataset
1428843185,コラボス集計,都道府県,都道府県,コラボス集計,1813675019,完工数,コラボス＋リペイント,✅,Có column
1428843185,コラボス集計,元請会社名,元請会社（DCMまとめ）,コラボス＋リペイント,1813675019,完工数,コラボス＋リペイント,✅,Cùng dataset
1428843185,コラボス集計,施工店名,担当施工店,コラボス集計,1813675019,完工数,コラボス＋リペイント,✅,Có column
1428843185,コラボス集計,営業担当（コラボス）,営業担当（文字化け修正）,コラボス＋リペイント,1846390561,契約数_60万以上_グラフ（結果確定日基準）,コラボス＋リペイント,✅,Cùng dataset
1428843185,コラボス集計,コラボス集計,スポットチェンジ判断,コラボス＋リペイント,1846390561,契約数_60万以上_グラフ（結果確定日基準）,コラボス＋リペイント,✅,Cùng dataset
1428843185,コラボス集計,都道府県,都道府県,コラボス集計,1846390561,契約数_60万以上_グラフ（結果確定日基準）,コラボス＋リペイント,✅,Có column
1428843185,コラボス集計,元請会社名,元請会社（DCMまとめ）,コラボス＋リペイント,1846390561,契約数_60万以上_グラフ（結果確定日基準）,コラボス＋リペイント,✅,Cùng dataset
1428843185,コラボス集計,施工店名,担当施工店,コラボス集計,1846390561,契約数_60万以上_グラフ（結果確定日基準）,コラボス＋リペイント,✅,Có column
1959758463,週間MTG用コラボス分析,施工店名,担当施工店,コラボス集計,1255037399,【期待値込】プロテック請負金額集計_元請別（計上予定日基準）,コラボス集計,✅,Cùng dataset
1959758463,週間MTG用コラボス分析,都道府県,都道府県,コラボス集計,1255037399,【期待値込】プロテック請負金額集計_元請別（計上予定日基準）,コラボス集計,✅,Cùng dataset
1959758463,週間MTG用コラボス分析,元請会社名,元請会社（DCMまとめ）,コラボス＋リペイント,1255037399,【期待値込】プロテック請負金額集計_元請別（計上予定日基準）,コラボス集計,❌,Thiếu column
1959758463,週間MTG用コラボス分析,営業担当（コラボス）,営業担当（文字化け修正）,コラボス＋リペイント,1255037399,【期待値込】プロテック請負金額集計_元請別（計上予定日基準）,コラボス集計,❌,Thiếu column
1959758463,週間MTG用コラボス分析,実績・期待値,実績判断,コラボス集計,1255037399,【期待値込】プロテック請負金額集計_元請別（計上予定日基準）,コラボス集計,✅,Cùng dataset
1959758463,週間MTG用コラボス分析,施工店名,担当施工店,コラボス集計,587114568,見積予実_元請別,コラボス＋リペイント,✅,Có column
1959758463,週間MTG用コラボス分析,都道府県,都道府県,コラボス集計,587114568,見積予実_元請別,コラボス＋リペイント,✅,Có column
1959758463,週間MTG用コラボス分析,元請会社名,元請会社（DCMまとめ）,コラボス＋リペイント,587114568,見積予実_元請別,コラボス＋リペイント,✅,Cùng dataset
1959758463,週間MTG用コラボス分析,営業担当（コラボス）,営業担当（文字化け修正）,コラボス＋リペイント,587114568,見積予実_元請別,コラボス＋リペイント,✅,Cùng dataset
1959758463,週間MTG用コラボス分析,実績・期待値,実績判断,コラボス集計,587114568,見積予実_元請別,コラボス＋リペイント,❌,Thiếu column
1959758463,週間MTG用コラボス分析,施工店名,担当施工店,コラボス集計,44262708,平均見積金額_元請別(直近1年間),コラボス＋リペイント,✅,Có column
1959758463,週間MTG用コラボス分析,都道府県,都道府県,コラボス集計,44262708,平均見積金額_元請別(直近1年間),コラボス＋リペイント,✅,Có column
1959758463,週間MTG用コラボス分析,元請会社名,元請会社（DCMまとめ）,コラボス＋リペイント,44262708,平均見積金額_元請別(直近1年間),コラボス＋リペイント,✅,Cùng dataset
1959758463,週間MTG用コラボス分析,営業担当（コラボス）,営業担当（文字化け修正）,コラボス＋リペイント,44262708,平均見積金額_元請別(直近1年間),コラボス＋リペイント,✅,Cùng dataset
1959758463,週間MTG用コラボス分析,実績・期待値,実績判断,コラボス集計,44262708,平均見積金額_元請別(直近1年間),コラボス＋リペイント,❌,Thiếu column
1959758463,週間MTG用コラボス分析,施工店名,担当施工店,コラボス集計,1861520957,平均日数_施工店別,コラボス＋リペイント,✅,Có column
1959758463,週間MTG用コラボス分析,都道府県,都道府県,コラボス集計,1861520957,平均日数_施工店別,コラボス＋リペイント,✅,Có column
1959758463,週間MTG用コラボス分析,元請会社名,元請会社（DCMまとめ）,コラボス＋リペイント,1861520957,平均日数_施工店別,コラボス＋リペイント,✅,Cùng dataset
1959758463,週間MTG用コラボス分析,営業担当（コラボス）,営業担当（文字化け修正）,コラボス＋リペイント,1861520957,平均日数_施工店別,コラボス＋リペイント,✅,Cùng dataset
1959758463,週間MTG用コラボス分析,実績・期待値,実績判断,コラボス集計,1861520957,平均日数_施工店別,コラボス＋リペイント,❌,Thiếu column
1959758463,週間MTG用コラボス分析,施工店名,担当施工店,コラボス集計,460265818,契約予実_元請別,コラボス＋リペイント,✅,Có column
1959758463,週間MTG用コラボス分析,都道府県,都道府県,コラボス集計,460265818,契約予実_元請別,コラボス＋リペイント,✅,Có column
1959758463,週間MTG用コラボス分析,元請会社名,元請会社（DCMまとめ）,コラボス＋リペイント,460265818,契約予実_元請別,コラボス＋リペイント,✅,Cùng dataset
1959758463,週間MTG用コラボス分析,営業担当（コラボス）,営業担当（文字化け修正）,コラボス＋リペイント,460265818,契約予実_元請別,コラボス＋リペイント,✅,Cùng dataset
1959758463,週間MTG用コラボス分析,実績・期待値,実績判断,コラボス集計,460265818,契約予実_元請別,コラボス＋リペイント,❌,Thiếu column
1959758463,週間MTG用コラボス分析,施工店名,担当施工店,コラボス集計,570077680,完工予実_元請別,コラボス＋リペイント,✅,Có column
1959758463,週間MTG用コラボス分析,都道府県,都道府県,コラボス集計,570077680,完工予実_元請別,コラボス＋リペイント,✅,Có column
1959758463,週間MTG用コラボス分析,元請会社名,元請会社（DCMまとめ）,コラボス＋リペイント,570077680,完工予実_元請別,コラボス＋リペイント,✅,Cùng dataset
1959758463,週間MTG用コラボス分析,営業担当（コラボス）,営業担当（文字化け修正）,コラボス＋リペイント,570077680,完工予実_元請別,コラボス＋リペイント,✅,Cùng dataset
1959758463,週間MTG用コラボス分析,実績・期待値,実績判断,コラボス集計,570077680,完工予実_元請別,コラボス＋リペイント,❌,Thiếu column
1959758463,週間MTG用コラボス分析,施工店名,担当施工店,コラボス集計,1376120614,施工店請負金額_施工店別（工事完了日基準）,コラボス＋リペイント,✅,Có column
1959758463,週間MTG用コラボス分析,都道府県,都道府県,コラボス集計,1376120614,施工店請負金額_施工店別（工事完了日基準）,コラボス＋リペイント,✅,Có column
1959758463,週間MTG用コラボス分析,元請会社名,元請会社（DCMまとめ）,コラボス＋リペイント,1376120614,施工店請負金額_施工店別（工事完了日基準）,コラボス＋リペイント,✅,Cùng dataset
1959758463,週間MTG用コラボス分析,営業担当（コラボス）,営業担当（文字化け修正）,コラボス＋リペイント,1376120614,施工店請負金額_施工店別（工事完了日基準）,コラボス＋リペイント,✅,Cùng dataset
1959758463,週間MTG用コラボス分析,実績・期待値,実績判断,コラボス集計,1376120614,施工店請負金額_施工店別（工事完了日基準）,コラボス＋リペイント,❌,Thiếu column
1959758463,週間MTG用コラボス分析,施工店名,担当施工店,コラボス集計,370751928,現調数_施工店別（訪問日基準）,コラボス＋リペイント,✅,Có column
1959758463,週間MTG用コラボス分析,都道府県,都道府県,コラボス集計,370751928,現調数_施工店別（訪問日基準）,コラボス＋リペイント,✅,Có column
1959758463,週間MTG用コラボス分析,元請会社名,元請会社（DCMまとめ）,コラボス＋リペイント,370751928,現調数_施工店別（訪問日基準）,コラボス＋リペイント,✅,Cùng dataset
1959758463,週間MTG用コラボス分析,営業担当（コラボス）,営業担当（文字化け修正）,コラボス＋リペイント,370751928,現調数_施工店別（訪問日基準）,コラボス＋リペイント,✅,Cùng dataset
1959758463,週間MTG用コラボス分析,実績・期待値,実績判断,コラボス集計,370751928,現調数_施工店別（訪問日基準）,コラボス＋リペイント,❌,Thiếu column
1959758463,週間MTG用コラボス分析,施工店名,担当施工店,コラボス集計,1787571010,契約予実_担当別,コラボス＋リペイント,✅,Có column
1959758463,週間MTG用コラボス分析,都道府県,都道府県,コラボス集計,1787571010,契約予実_担当別,コラボス＋リペイント,✅,Có column
1959758463,週間MTG用コラボス分析,元請会社名,元請会社（DCMまとめ）,コラボス＋リペイント,1787571010,契約予実_担当別,コラボス＋リペイント,✅,Cùng dataset
1959758463,週間MTG用コラボス分析,営業担当（コラボス）,営業担当（文字化け修正）,コラボス＋リペイント,1787571010,契約予実_担当別,コラボス＋リペイント,✅,Cùng dataset
1959758463,週間MTG用コラボス分析,実績・期待値,実績判断,コラボス集計,1787571010,契約予実_担当別,コラボス＋リペイント,❌,Thiếu column
1959758463,週間MTG用コラボス分析,施工店名,担当施工店,コラボス集計,821964464,対応案件数_施工店別（見積提案日基準）,コラボス＋リペイント,✅,Có column
1959758463,週間MTG用コラボス分析,都道府県,都道府県,コラボス集計,821964464,対応案件数_施工店別（見積提案日基準）,コラボス＋リペイント,✅,Có column
1959758463,週間MTG用コラボス分析,元請会社名,元請会社（DCMまとめ）,コラボス＋リペイント,821964464,対応案件数_施工店別（見積提案日基準）,コラボス＋リペイント,✅,Cùng dataset
1959758463,週間MTG用コラボス分析,営業担当（コラボス）,営業担当（文字化け修正）,コラボス＋リペイント,821964464,対応案件数_施工店別（見積提案日基準）,コラボス＋リペイント,✅,Cùng dataset
1959758463,週間MTG用コラボス分析,実績・期待値,実績判断,コラボス集計,821964464,対応案件数_施工店別（見積提案日基準）,コラボス＋リペイント,❌,Thiếu column
1959758463,週間MTG用コラボス分析,施工店名,担当施工店,コラボス集計,25377069,契約数_施工店別（結果確定日基準）,コラボス＋リペイント,✅,Có column
1959758463,週間MTG用コラボス分析,都道府県,都道府県,コラボス集計,25377069,契約数_施工店別（結果確定日基準）,コラボス＋リペイント,✅,Có column
1959758463,週間MTG用コラボス分析,元請会社名,元請会社（DCMまとめ）,コラボス＋リペイント,25377069,契約数_施工店別（結果確定日基準）,コラボス＋リペイント,✅,Cùng dataset
1959758463,週間MTG用コラボス分析,営業担当（コラボス）,営業担当（文字化け修正）,コラボス＋リペイント,25377069,契約数_施工店別（結果確定日基準）,コラボス＋リペイント,✅,Cùng dataset
1959758463,週間MTG用コラボス分析,実績・期待値,実績判断,コラボス集計,25377069,契約数_施工店別（結果確定日基準）,コラボス＋リペイント,❌,Thiếu column
1959758463,週間MTG用コラボス分析,施工店名,担当施工店,コラボス集計,1037568660,見積予実_担当別,コラボス＋リペイント,✅,Có column
1959758463,週間MTG用コラボス分析,都道府県,都道府県,コラボス集計,1037568660,見積予実_担当別,コラボス＋リペイント,✅,Có column
1959758463,週間MTG用コラボス分析,元請会社名,元請会社（DCMまとめ）,コラボス＋リペイント,1037568660,見積予実_担当別,コラボス＋リペイント,✅,Cùng dataset
1959758463,週間MTG用コラボス分析,営業担当（コラボス）,営業担当（文字化け修正）,コラボス＋リペイント,1037568660,見積予実_担当別,コラボス＋リペイント,✅,Cùng dataset
1959758463,週間MTG用コラボス分析,実績・期待値,実績判断,コラボス集計,1037568660,見積予実_担当別,コラボス＋リペイント,❌,Thiếu column
1959758463,週間MTG用コラボス分析,施工店名,担当施工店,コラボス集計,496855862,完工予実_元請別（注力外）,コラボス＋リペイント,✅,Có column
1959758463,週間MTG用コラボス分析,都道府県,都道府県,コラボス集計,496855862,完工予実_元請別（注力外）,コラボス＋リペイント,✅,Có column
1959758463,週間MTG用コラボス分析,元請会社名,元請会社（DCMまとめ）,コラボス＋リペイント,496855862,完工予実_元請別（注力外）,コラボス＋リペイント,✅,Cùng dataset
1959758463,週間MTG用コラボス分析,営業担当（コラボス）,営業担当（文字化け修正）,コラボス＋リペイント,496855862,完工予実_元請別（注力外）,コラボス＋リペイント,✅,Cùng dataset
1959758463,週間MTG用コラボス分析,実績・期待値,実績判断,コラボス集計,496855862,完工予実_元請別（注力外）,コラボス＋リペイント,❌,Thiếu column
1959758463,週間MTG用コラボス分析,施工店名,担当施工店,コラボス集計,526521217,完工予実_担当別,コラボス＋リペイント,✅,Có column
1959758463,週間MTG用コラボス分析,都道府県,都道府県,コラボス集計,526521217,完工予実_担当別,コラボス＋リペイント,✅,Có column
1959758463,週間MTG用コラボス分析,元請会社名,元請会社（DCMまとめ）,コラボス＋リペイント,526521217,完工予実_担当別,コラボス＋リペイント,✅,Cùng dataset
1959758463,週間MTG用コラボス分析,営業担当（コラボス）,営業担当（文字化け修正）,コラボス＋リペイント,526521217,完工予実_担当別,コラボス＋リペイント,✅,Cùng dataset
1959758463,週間MTG用コラボス分析,実績・期待値,実績判断,コラボス集計,526521217,完工予実_担当別,コラボス＋リペイント,❌,Thiếu column
1959758463,週間MTG用コラボス分析,施工店名,担当施工店,コラボス集計,1704425485,平均見積金額_元請別(直近3ヶ月),コラボス＋リペイント,✅,Có column
1959758463,週間MTG用コラボス分析,都道府県,都道府県,コラボス集計,1704425485,平均見積金額_元請別(直近3ヶ月),コラボス＋リペイント,✅,Có column
1959758463,週間MTG用コラボス分析,元請会社名,元請会社（DCMまとめ）,コラボス＋リペイント,1704425485,平均見積金額_元請別(直近3ヶ月),コラボス＋リペイント,✅,Cùng dataset
1959758463,週間MTG用コラボス分析,営業担当（コラボス）,営業担当（文字化け修正）,コラボス＋リペイント,1704425485,平均見積金額_元請別(直近3ヶ月),コラボス＋リペイント,✅,Cùng dataset
1959758463,週間MTG用コラボス分析,実績・期待値,実績判断,コラボス集計,1704425485,平均見積金額_元請別(直近3ヶ月),コラボス＋リペイント,❌,Thiếu column
1959758463,週間MTG用コラボス分析,施工店名,担当施工店,コラボス集計,1171272019,プロテック請負金額集計_担当別,コラボス＋リペイント,✅,Có column
1959758463,週間MTG用コラボス分析,都道府県,都道府県,コラボス集計,1171272019,プロテック請負金額集計_担当別,コラボス＋リペイント,✅,Có column
1959758463,週間MTG用コラボス分析,元請会社名,元請会社（DCMまとめ）,コラボス＋リペイント,1171272019,プロテック請負金額集計_担当別,コラボス＋リペイント,✅,Cùng dataset
1959758463,週間MTG用コラボス分析,営業担当（コラボス）,営業担当（文字化け修正）,コラボス＋リペイント,1171272019,プロテック請負金額集計_担当別,コラボス＋リペイント,✅,Cùng dataset
1959758463,週間MTG用コラボス分析,実績・期待値,実績判断,コラボス集計,1171272019,プロテック請負金額集計_担当別,コラボス＋リペイント,❌,Thiếu column
2006619322,法人営業部用_売上集計(出荷日基準),Duplicate of 次の複製： 営業所(現担当基準:出荷基準),AP営業所名,ER_受注/出荷_直近_PRD,260858484,Duplicate of 次の複製： 売上集計表(出荷日基準),ER_受注/出荷_直近_PRD,✅,Cùng dataset
2006619322,法人営業部用_売上集計(出荷日基準),Duplicate of 次の複製： 営業担当(現担当基準:出荷基準),AP担当者名,ER_受注/出荷_直近_PRD,260858484,Duplicate of 次の複製： 売上集計表(出荷日基準),ER_受注/出荷_直近_PRD,✅,Cùng dataset
2006619322,法人営業部用_売上集計(出荷日基準),Duplicate of 加盟チャネル_工場アパマン,加盟チャネル_工場アパマン,ER_受注/出荷_直近_PRD,260858484,Duplicate of 次の複製： 売上集計表(出荷日基準),ER_受注/出荷_直近_PRD,✅,Cùng dataset
2006619322,法人営業部用_売上集計(出荷日基準),Duplicate of 次の複製： 加盟店子ランク(出荷基準),加盟店子ランク名,ER_受注/出荷_直近_PRD,260858484,Duplicate of 次の複製： 売上集計表(出荷日基準),ER_受注/出荷_直近_PRD,✅,Cùng dataset
2006619322,法人営業部用_売上集計(出荷日基準),Duplicate of 次の複製： 営業所(実績担当基準:出荷基準),AP営業所名(受注時),ER_受注/出荷_直近_PRD,260858484,Duplicate of 次の複製： 売上集計表(出荷日基準),ER_受注/出荷_直近_PRD,✅,Cùng dataset
2006619322,法人営業部用_売上集計(出荷日基準),Duplicate of Duplicate of 加盟グループ_アステック,加盟グループ_アステック,ER_受注/出荷_直近_PRD,260858484,Duplicate of 次の複製： 売上集計表(出荷日基準),ER_受注/出荷_直近_PRD,✅,Cùng dataset
2006619322,法人営業部用_売上集計(出荷日基準),顧客会社名,顧客会社名,ER_売上/受注_直近_PRD,260858484,Duplicate of 次の複製： 売上集計表(出荷日基準),ER_受注/出荷_直近_PRD,✅,Có column
2006619322,法人営業部用_売上集計(出荷日基準),Duplicate of 次の複製： APS(出荷基準),APS,ER_受注/出荷_直近_PRD,260858484,Duplicate of 次の複製： 売上集計表(出荷日基準),ER_受注/出荷_直近_PRD,✅,Cùng dataset
2006619322,法人営業部用_売上集計(出荷日基準),Duplicate of 次の複製： 商品(出荷基準),商品名,ER_受注/出荷_直近_PRD,260858484,Duplicate of 次の複製： 売上集計表(出荷日基準),ER_受注/出荷_直近_PRD,✅,Cùng dataset
2006619322,法人営業部用_売上集計(出荷日基準),Duplicate of 塗料系統(出荷基準)の複製,分類名（リファイン_屋根壁分割）,ER_受注/出荷_直近_PRD,260858484,Duplicate of 次の複製： 売上集計表(出荷日基準),ER_受注/出荷_直近_PRD,✅,Cùng dataset
2006619322,法人営業部用_売上集計(出荷日基準),Duplicate of 次の複製： 集計対象現場(出荷基準),物件種別名,ER_受注/出荷_直近_PRD,260858484,Duplicate of 次の複製： 売上集計表(出荷日基準),ER_受注/出荷_直近_PRD,✅,Cùng dataset
2006619322,法人営業部用_売上集計(出荷日基準),Duplicate of 次の複製： カテゴリー(出荷基準),商品カテゴリ(親カテゴリ),ER_受注/出荷_直近_PRD,260858484,Duplicate of 次の複製： 売上集計表(出荷日基準),ER_受注/出荷_直近_PRD,✅,Cùng dataset
2006619322,法人営業部用_売上集計(出荷日基準),Duplicate of 加盟グループ_SCチャネル,加盟グループ_SCチャネル,ER_受注/出荷_直近_PRD,260858484,Duplicate of 次の複製： 売上集計表(出荷日基準),ER_受注/出荷_直近_PRD,✅,Cùng dataset
2006619322,法人営業部用_売上集計(出荷日基準),Duplicate of 次の複製： 営業担当(実績基準:出荷基準),AP担当者名(受注時),ER_受注/出荷_直近_PRD,260858484,Duplicate of 次の複製： 売上集計表(出荷日基準),ER_受注/出荷_直近_PRD,✅,Cùng dataset
2006619322,法人営業部用_売上集計(出荷日基準),Duplicate of 次の複製： 物件種別(出荷基準),建物区分名,ER_受注/出荷_直近_PRD,260858484,Duplicate of 次の複製： 売上集計表(出荷日基準),ER_受注/出荷_直近_PRD,✅,Cùng dataset
2006619322,法人営業部用_売上集計(出荷日基準),Duplicate of 加盟グループ_プロテック（フィラーⅡ含）,加盟グループ_プロテック（フィラー2Ⅱ含）,ER_受注/出荷_直近_PRD,260858484,Duplicate of 次の複製： 売上集計表(出荷日基準),ER_受注/出荷_直近_PRD,✅,Cùng dataset
2006619322,法人営業部用_売上集計(出荷日基準),Duplicate of 次の複製： 加盟グループ_プロタイムズ,加盟グループ_プロタイムズ,ER_受注/出荷_直近_PRD,260858484,Duplicate of 次の複製： 売上集計表(出荷日基準),ER_受注/出荷_直近_PRD,✅,Cùng dataset
2006619322,法人営業部用_売上集計(出荷日基準),Duplicate of アステック加盟種別(出荷基準)の複製,アステック加盟種別,ER_受注/出荷_直近_PRD,260858484,Duplicate of 次の複製： 売上集計表(出荷日基準),ER_受注/出荷_直近_PRD,✅,Cùng dataset
2006619322,法人営業部用_売上集計(出荷日基準),Duplicate of 次の複製： 加盟チャネル(出荷基準),加盟チャネル名,ER_受注/出荷_直近_PRD,260858484,Duplicate of 次の複製： 売上集計表(出荷日基準),ER_受注/出荷_直近_PRD,✅,Cùng dataset
2006619322,法人営業部用_売上集計(出荷日基準),Duplicate of 次の複製： 都道府県(顧客営業所:出荷基準),営業所都道府県,ER_受注/出荷_直近_PRD,260858484,Duplicate of 次の複製： 売上集計表(出荷日基準),ER_受注/出荷_直近_PRD,✅,Cùng dataset
2006619322,法人営業部用_売上集計(出荷日基準),Duplicate of 次の複製： 顧客会社名(出荷基準),顧客会社名,ER_受注/出荷_直近_PRD,260858484,Duplicate of 次の複製： 売上集計表(出荷日基準),ER_受注/出荷_直近_PRD,✅,Cùng dataset
2006619322,法人営業部用_売上集計(出荷日基準),Duplicate of カイゼンReペイントサービス,カイゼンReペイント（NULL・空削除）,ER_受注/出荷_直近_PRD,260858484,Duplicate of 次の複製： 売上集計表(出荷日基準),ER_受注/出荷_直近_PRD,✅,Cùng dataset
2006619322,法人営業部用_売上集計(出荷日基準),Duplicate of 次の複製： 営業所(現担当基準:出荷基準),AP営業所名,ER_受注/出荷_直近_PRD,1258504332,Duplicate of 次の複製： 売上実績(出荷日基準),ER_受注/出荷_直近_PRD,✅,Cùng dataset
2006619322,法人営業部用_売上集計(出荷日基準),Duplicate of 次の複製： 営業担当(現担当基準:出荷基準),AP担当者名,ER_受注/出荷_直近_PRD,1258504332,Duplicate of 次の複製： 売上実績(出荷日基準),ER_受注/出荷_直近_PRD,✅,Cùng dataset
2006619322,法人営業部用_売上集計(出荷日基準),Duplicate of 加盟チャネル_工場アパマン,加盟チャネル_工場アパマン,ER_受注/出荷_直近_PRD,1258504332,Duplicate of 次の複製： 売上実績(出荷日基準),ER_受注/出荷_直近_PRD,✅,Cùng dataset
2006619322,法人営業部用_売上集計(出荷日基準),Duplicate of 次の複製： 加盟店子ランク(出荷基準),加盟店子ランク名,ER_受注/出荷_直近_PRD,1258504332,Duplicate of 次の複製： 売上実績(出荷日基準),ER_受注/出荷_直近_PRD,✅,Cùng dataset
2006619322,法人営業部用_売上集計(出荷日基準),Duplicate of 次の複製： 営業所(実績担当基準:出荷基準),AP営業所名(受注時),ER_受注/出荷_直近_PRD,1258504332,Duplicate of 次の複製： 売上実績(出荷日基準),ER_受注/出荷_直近_PRD,✅,Cùng dataset
2006619322,法人営業部用_売上集計(出荷日基準),Duplicate of Duplicate of 加盟グループ_アステック,加盟グループ_アステック,ER_受注/出荷_直近_PRD,1258504332,Duplicate of 次の複製： 売上実績(出荷日基準),ER_受注/出荷_直近_PRD,✅,Cùng dataset
2006619322,法人営業部用_売上集計(出荷日基準),顧客会社名,顧客会社名,ER_売上/受注_直近_PRD,1258504332,Duplicate of 次の複製： 売上実績(出荷日基準),ER_受注/出荷_直近_PRD,✅,Có column
2006619322,法人営業部用_売上集計(出荷日基準),Duplicate of 次の複製： APS(出荷基準),APS,ER_受注/出荷_直近_PRD,1258504332,Duplicate of 次の複製： 売上実績(出荷日基準),ER_受注/出荷_直近_PRD,✅,Cùng dataset
2006619322,法人営業部用_売上集計(出荷日基準),Duplicate of 次の複製： 商品(出荷基準),商品名,ER_受注/出荷_直近_PRD,1258504332,Duplicate of 次の複製： 売上実績(出荷日基準),ER_受注/出荷_直近_PRD,✅,Cùng dataset
2006619322,法人営業部用_売上集計(出荷日基準),Duplicate of 塗料系統(出荷基準)の複製,分類名（リファイン_屋根壁分割）,ER_受注/出荷_直近_PRD,1258504332,Duplicate of 次の複製： 売上実績(出荷日基準),ER_受注/出荷_直近_PRD,✅,Cùng dataset
2006619322,法人営業部用_売上集計(出荷日基準),Duplicate of 次の複製： 集計対象現場(出荷基準),物件種別名,ER_受注/出荷_直近_PRD,1258504332,Duplicate of 次の複製： 売上実績(出荷日基準),ER_受注/出荷_直近_PRD,✅,Cùng dataset
2006619322,法人営業部用_売上集計(出荷日基準),Duplicate of 次の複製： カテゴリー(出荷基準),商品カテゴリ(親カテゴリ),ER_受注/出荷_直近_PRD,1258504332,Duplicate of 次の複製： 売上実績(出荷日基準),ER_受注/出荷_直近_PRD,✅,Cùng dataset
2006619322,法人営業部用_売上集計(出荷日基準),Duplicate of 加盟グループ_SCチャネル,加盟グループ_SCチャネル,ER_受注/出荷_直近_PRD,1258504332,Duplicate of 次の複製： 売上実績(出荷日基準),ER_受注/出荷_直近_PRD,✅,Cùng dataset
2006619322,法人営業部用_売上集計(出荷日基準),Duplicate of 次の複製： 営業担当(実績基準:出荷基準),AP担当者名(受注時),ER_受注/出荷_直近_PRD,1258504332,Duplicate of 次の複製： 売上実績(出荷日基準),ER_受注/出荷_直近_PRD,✅,Cùng dataset
2006619322,法人営業部用_売上集計(出荷日基準),Duplicate of 次の複製： 物件種別(出荷基準),建物区分名,ER_受注/出荷_直近_PRD,1258504332,Duplicate of 次の複製： 売上実績(出荷日基準),ER_受注/出荷_直近_PRD,✅,Cùng dataset
2006619322,法人営業部用_売上集計(出荷日基準),Duplicate of 加盟グループ_プロテック（フィラーⅡ含）,加盟グループ_プロテック（フィラー2Ⅱ含）,ER_受注/出荷_直近_PRD,1258504332,Duplicate of 次の複製： 売上実績(出荷日基準),ER_受注/出荷_直近_PRD,✅,Cùng dataset
2006619322,法人営業部用_売上集計(出荷日基準),Duplicate of 次の複製： 加盟グループ_プロタイムズ,加盟グループ_プロタイムズ,ER_受注/出荷_直近_PRD,1258504332,Duplicate of 次の複製： 売上実績(出荷日基準),ER_受注/出荷_直近_PRD,✅,Cùng dataset
2006619322,法人営業部用_売上集計(出荷日基準),Duplicate of アステック加盟種別(出荷基準)の複製,アステック加盟種別,ER_受注/出荷_直近_PRD,1258504332,Duplicate of 次の複製： 売上実績(出荷日基準),ER_受注/出荷_直近_PRD,✅,Cùng dataset
2006619322,法人営業部用_売上集計(出荷日基準),Duplicate of 次の複製： 加盟チャネル(出荷基準),加盟チャネル名,ER_受注/出荷_直近_PRD,1258504332,Duplicate of 次の複製： 売上実績(出荷日基準),ER_受注/出荷_直近_PRD,✅,Cùng dataset
2006619322,法人営業部用_売上集計(出荷日基準),Duplicate of 次の複製： 都道府県(顧客営業所:出荷基準),営業所都道府県,ER_受注/出荷_直近_PRD,1258504332,Duplicate of 次の複製： 売上実績(出荷日基準),ER_受注/出荷_直近_PRD,✅,Cùng dataset
2006619322,法人営業部用_売上集計(出荷日基準),Duplicate of 次の複製： 顧客会社名(出荷基準),顧客会社名,ER_受注/出荷_直近_PRD,1258504332,Duplicate of 次の複製： 売上実績(出荷日基準),ER_受注/出荷_直近_PRD,✅,Cùng dataset
2006619322,法人営業部用_売上集計(出荷日基準),Duplicate of カイゼンReペイントサービス,カイゼンReペイント（NULL・空削除）,ER_受注/出荷_直近_PRD,1258504332,Duplicate of 次の複製： 売上実績(出荷日基準),ER_受注/出荷_直近_PRD,✅,Cùng dataset
2006619322,法人営業部用_売上集計(出荷日基準),Duplicate of 次の複製： 営業所(現担当基準:出荷基準),AP営業所名,ER_受注/出荷_直近_PRD,289460039,Duplicate of 次の複製： 売上詳細(出荷日基準),ER_現場名入り受注,✅,Có column
2006619322,法人営業部用_売上集計(出荷日基準),Duplicate of 次の複製： 営業担当(現担当基準:出荷基準),AP担当者名,ER_受注/出荷_直近_PRD,289460039,Duplicate of 次の複製： 売上詳細(出荷日基準),ER_現場名入り受注,✅,Có column
2006619322,法人営業部用_売上集計(出荷日基準),Duplicate of 加盟チャネル_工場アパマン,加盟チャネル_工場アパマン,ER_受注/出荷_直近_PRD,289460039,Duplicate of 次の複製： 売上詳細(出荷日基準),ER_現場名入り受注,✅,Có column
2006619322,法人営業部用_売上集計(出荷日基準),Duplicate of 次の複製： 加盟店子ランク(出荷基準),加盟店子ランク名,ER_受注/出荷_直近_PRD,289460039,Duplicate of 次の複製： 売上詳細(出荷日基準),ER_現場名入り受注,✅,Có column
2006619322,法人営業部用_売上集計(出荷日基準),Duplicate of 次の複製： 営業所(実績担当基準:出荷基準),AP営業所名(受注時),ER_受注/出荷_直近_PRD,289460039,Duplicate of 次の複製： 売上詳細(出荷日基準),ER_現場名入り受注,✅,Có column
2006619322,法人営業部用_売上集計(出荷日基準),Duplicate of Duplicate of 加盟グループ_アステック,加盟グループ_アステック,ER_受注/出荷_直近_PRD,289460039,Duplicate of 次の複製： 売上詳細(出荷日基準),ER_現場名入り受注,✅,Có column
2006619322,法人営業部用_売上集計(出荷日基準),顧客会社名,顧客会社名,ER_売上/受注_直近_PRD,289460039,Duplicate of 次の複製： 売上詳細(出荷日基準),ER_現場名入り受注,✅,Có column
2006619322,法人営業部用_売上集計(出荷日基準),Duplicate of 次の複製： APS(出荷基準),APS,ER_受注/出荷_直近_PRD,289460039,Duplicate of 次の複製： 売上詳細(出荷日基準),ER_現場名入り受注,❌,Thiếu column
2006619322,法人営業部用_売上集計(出荷日基準),Duplicate of 次の複製： 商品(出荷基準),商品名,ER_受注/出荷_直近_PRD,289460039,Duplicate of 次の複製： 売上詳細(出荷日基準),ER_現場名入り受注,✅,Có column
2006619322,法人営業部用_売上集計(出荷日基準),Duplicate of 塗料系統(出荷基準)の複製,分類名（リファイン_屋根壁分割）,ER_受注/出荷_直近_PRD,289460039,Duplicate of 次の複製： 売上詳細(出荷日基準),ER_現場名入り受注,❌,Thiếu column
2006619322,法人営業部用_売上集計(出荷日基準),Duplicate of 次の複製： 集計対象現場(出荷基準),物件種別名,ER_受注/出荷_直近_PRD,289460039,Duplicate of 次の複製： 売上詳細(出荷日基準),ER_現場名入り受注,✅,Có column
2006619322,法人営業部用_売上集計(出荷日基準),Duplicate of 次の複製： カテゴリー(出荷基準),商品カテゴリ(親カテゴリ),ER_受注/出荷_直近_PRD,289460039,Duplicate of 次の複製： 売上詳細(出荷日基準),ER_現場名入り受注,❌,Thiếu column
2006619322,法人営業部用_売上集計(出荷日基準),Duplicate of 加盟グループ_SCチャネル,加盟グループ_SCチャネル,ER_受注/出荷_直近_PRD,289460039,Duplicate of 次の複製： 売上詳細(出荷日基準),ER_現場名入り受注,✅,Có column
2006619322,法人営業部用_売上集計(出荷日基準),Duplicate of 次の複製： 営業担当(実績基準:出荷基準),AP担当者名(受注時),ER_受注/出荷_直近_PRD,289460039,Duplicate of 次の複製： 売上詳細(出荷日基準),ER_現場名入り受注,✅,Có column
2006619322,法人営業部用_売上集計(出荷日基準),Duplicate of 次の複製： 物件種別(出荷基準),建物区分名,ER_受注/出荷_直近_PRD,289460039,Duplicate of 次の複製： 売上詳細(出荷日基準),ER_現場名入り受注,✅,Có column
2006619322,法人営業部用_売上集計(出荷日基準),Duplicate of 加盟グループ_プロテック（フィラーⅡ含）,加盟グループ_プロテック（フィラー2Ⅱ含）,ER_受注/出荷_直近_PRD,289460039,Duplicate of 次の複製： 売上詳細(出荷日基準),ER_現場名入り受注,❌,Thiếu column
2006619322,法人営業部用_売上集計(出荷日基準),Duplicate of 次の複製： 加盟グループ_プロタイムズ,加盟グループ_プロタイムズ,ER_受注/出荷_直近_PRD,289460039,Duplicate of 次の複製： 売上詳細(出荷日基準),ER_現場名入り受注,✅,Có column
2006619322,法人営業部用_売上集計(出荷日基準),Duplicate of アステック加盟種別(出荷基準)の複製,アステック加盟種別,ER_受注/出荷_直近_PRD,289460039,Duplicate of 次の複製： 売上詳細(出荷日基準),ER_現場名入り受注,✅,Có column
2006619322,法人営業部用_売上集計(出荷日基準),Duplicate of 次の複製： 加盟チャネル(出荷基準),加盟チャネル名,ER_受注/出荷_直近_PRD,289460039,Duplicate of 次の複製： 売上詳細(出荷日基準),ER_現場名入り受注,✅,Có column
2006619322,法人営業部用_売上集計(出荷日基準),Duplicate of 次の複製： 都道府県(顧客営業所:出荷基準),営業所都道府県,ER_受注/出荷_直近_PRD,289460039,Duplicate of 次の複製： 売上詳細(出荷日基準),ER_現場名入り受注,✅,Có column
2006619322,法人営業部用_売上集計(出荷日基準),Duplicate of 次の複製： 顧客会社名(出荷基準),顧客会社名,ER_受注/出荷_直近_PRD,289460039,Duplicate of 次の複製： 売上詳細(出荷日基準),ER_現場名入り受注,✅,Có column
2006619322,法人営業部用_売上集計(出荷日基準),Duplicate of カイゼンReペイントサービス,カイゼンReペイント（NULL・空削除）,ER_受注/出荷_直近_PRD,289460039,Duplicate of 次の複製： 売上詳細(出荷日基準),ER_現場名入り受注,❌,Thiếu column
2006619322,法人営業部用_売上集計(出荷日基準),Duplicate of 次の複製： 営業所(現担当基準:出荷基準),AP営業所名,ER_受注/出荷_直近_PRD,948537816,Duplicate of 売上集計表,ER_受注/出荷_直近_PRD,✅,Cùng dataset
2006619322,法人営業部用_売上集計(出荷日基準),Duplicate of 次の複製： 営業担当(現担当基準:出荷基準),AP担当者名,ER_受注/出荷_直近_PRD,948537816,Duplicate of 売上集計表,ER_受注/出荷_直近_PRD,✅,Cùng dataset
2006619322,法人営業部用_売上集計(出荷日基準),Duplicate of 加盟チャネル_工場アパマン,加盟チャネル_工場アパマン,ER_受注/出荷_直近_PRD,948537816,Duplicate of 売上集計表,ER_受注/出荷_直近_PRD,✅,Cùng dataset
2006619322,法人営業部用_売上集計(出荷日基準),Duplicate of 次の複製： 加盟店子ランク(出荷基準),加盟店子ランク名,ER_受注/出荷_直近_PRD,948537816,Duplicate of 売上集計表,ER_受注/出荷_直近_PRD,✅,Cùng dataset
2006619322,法人営業部用_売上集計(出荷日基準),Duplicate of 次の複製： 営業所(実績担当基準:出荷基準),AP営業所名(受注時),ER_受注/出荷_直近_PRD,948537816,Duplicate of 売上集計表,ER_受注/出荷_直近_PRD,✅,Cùng dataset
2006619322,法人営業部用_売上集計(出荷日基準),Duplicate of Duplicate of 加盟グループ_アステック,加盟グループ_アステック,ER_受注/出荷_直近_PRD,948537816,Duplicate of 売上集計表,ER_受注/出荷_直近_PRD,✅,Cùng dataset
2006619322,法人営業部用_売上集計(出荷日基準),顧客会社名,顧客会社名,ER_売上/受注_直近_PRD,948537816,Duplicate of 売上集計表,ER_受注/出荷_直近_PRD,✅,Có column
2006619322,法人営業部用_売上集計(出荷日基準),Duplicate of 次の複製： APS(出荷基準),APS,ER_受注/出荷_直近_PRD,948537816,Duplicate of 売上集計表,ER_受注/出荷_直近_PRD,✅,Cùng dataset
2006619322,法人営業部用_売上集計(出荷日基準),Duplicate of 次の複製： 商品(出荷基準),商品名,ER_受注/出荷_直近_PRD,948537816,Duplicate of 売上集計表,ER_受注/出荷_直近_PRD,✅,Cùng dataset
2006619322,法人営業部用_売上集計(出荷日基準),Duplicate of 塗料系統(出荷基準)の複製,分類名（リファイン_屋根壁分割）,ER_受注/出荷_直近_PRD,948537816,Duplicate of 売上集計表,ER_受注/出荷_直近_PRD,✅,Cùng dataset
2006619322,法人営業部用_売上集計(出荷日基準),Duplicate of 次の複製： 集計対象現場(出荷基準),物件種別名,ER_受注/出荷_直近_PRD,948537816,Duplicate of 売上集計表,ER_受注/出荷_直近_PRD,✅,Cùng dataset
2006619322,法人営業部用_売上集計(出荷日基準),Duplicate of 次の複製： カテゴリー(出荷基準),商品カテゴリ(親カテゴリ),ER_受注/出荷_直近_PRD,948537816,Duplicate of 売上集計表,ER_受注/出荷_直近_PRD,✅,Cùng dataset
2006619322,法人営業部用_売上集計(出荷日基準),Duplicate of 加盟グループ_SCチャネル,加盟グループ_SCチャネル,ER_受注/出荷_直近_PRD,948537816,Duplicate of 売上集計表,ER_受注/出荷_直近_PRD,✅,Cùng dataset
2006619322,法人営業部用_売上集計(出荷日基準),Duplicate of 次の複製： 営業担当(実績基準:出荷基準),AP担当者名(受注時),ER_受注/出荷_直近_PRD,948537816,Duplicate of 売上集計表,ER_受注/出荷_直近_PRD,✅,Cùng dataset
2006619322,法人営業部用_売上集計(出荷日基準),Duplicate of 次の複製： 物件種別(出荷基準),建物区分名,ER_受注/出荷_直近_PRD,948537816,Duplicate of 売上集計表,ER_受注/出荷_直近_PRD,✅,Cùng dataset
2006619322,法人営業部用_売上集計(出荷日基準),Duplicate of 加盟グループ_プロテック（フィラーⅡ含）,加盟グループ_プロテック（フィラー2Ⅱ含）,ER_受注/出荷_直近_PRD,948537816,Duplicate of 売上集計表,ER_受注/出荷_直近_PRD,✅,Cùng dataset
2006619322,法人営業部用_売上集計(出荷日基準),Duplicate of 次の複製： 加盟グループ_プロタイムズ,加盟グループ_プロタイムズ,ER_受注/出荷_直近_PRD,948537816,Duplicate of 売上集計表,ER_受注/出荷_直近_PRD,✅,Cùng dataset
2006619322,法人営業部用_売上集計(出荷日基準),Duplicate of アステック加盟種別(出荷基準)の複製,アステック加盟種別,ER_受注/出荷_直近_PRD,948537816,Duplicate of 売上集計表,ER_受注/出荷_直近_PRD,✅,Cùng dataset
2006619322,法人営業部用_売上集計(出荷日基準),Duplicate of 次の複製： 加盟チャネル(出荷基準),加盟チャネル名,ER_受注/出荷_直近_PRD,948537816,Duplicate of 売上集計表,ER_受注/出荷_直近_PRD,✅,Cùng dataset
2006619322,法人営業部用_売上集計(出荷日基準),Duplicate of 次の複製： 都道府県(顧客営業所:出荷基準),営業所都道府県,ER_受注/出荷_直近_PRD,948537816,Duplicate of 売上集計表,ER_受注/出荷_直近_PRD,✅,Cùng dataset
2006619322,法人営業部用_売上集計(出荷日基準),Duplicate of 次の複製： 顧客会社名(出荷基準),顧客会社名,ER_受注/出荷_直近_PRD,948537816,Duplicate of 売上集計表,ER_受注/出荷_直近_PRD,✅,Cùng dataset
2006619322,法人営業部用_売上集計(出荷日基準),Duplicate of カイゼンReペイントサービス,カイゼンReペイント（NULL・空削除）,ER_受注/出荷_直近_PRD,948537816,Duplicate of 売上集計表,ER_受注/出荷_直近_PRD,✅,Cùng dataset
